Date,Category,Count
2023-01-01,Dokker,332
2023-01-01,Duster,627
2023-01-01,Jogger,444
2023-01-01,Lodgy,272
2023-01-01,Logan,444
2023-01-02,Dokker,366
2023-01-02,Duster,697
2023-01-02,Jogger,495
2023-01-02,Lodgy,272
2023-01-02,Logan,587
2023-01-03,Dokker,343
2023-01-03,Duster,618
2023-01-03,Jogger,465
2023-01-03,Lodgy,295
2023-01-03,Logan,542
2023-01-04,Dokker,399
2023-01-04,Duster,644
2023-01-04,Jogger,474
2023-01-04,Lodgy,317
2023-01-04,Logan,540
2023-01-05,Dokker,447
2023-01-05,Duster,724
2023-01-05,Jogger,553
2023-01-05,Lodgy,317
2023-01-05,Logan,650
2023-01-06,Dokker,531
2023-01-06,Duster,852
2023-01-06,Jogger,614
2023-01-06,Lodgy,360
2023-01-06,Logan,694
2023-01-07,Dokker,562
2023-01-07,Duster,999
2023-01-07,Jogger,733
2023-01-07,Lodgy,433
2023-01-07,Logan,787
2023-01-08,Dokker,316
2023-01-08,Duster,526
2023-01-08,Jogger,450
2023-01-08,Lodgy,267
2023-01-08,Logan,489
2023-01-09,Dokker,384
2023-01-09,Duster,690
2023-01-09,Jogger,529
2023-01-09,Lodgy,297
2023-01-09,Logan,532
2023-01-10,Dokker,398
2023-01-10,Duster,619
2023-01-10,Jogger,496
2023-01-10,Lodgy,281
2023-01-10,Logan,539
2023-01-11,Dokker,323
2023-01-11,Duster,495
2023-01-11,Jogger,395
2023-01-11,Lodgy,217
2023-01-11,Logan,410
2023-01-12,Dokker,330
2023-01-12,Duster,600
2023-01-12,Jogger,454
2023-01-12,Lodgy,250
2023-01-12,Logan,461
2023-01-13,Dokker,440
2023-01-13,Duster,667
2023-01-13,Jogger,510
2023-01-13,Lodgy,323
2023-01-13,Logan,616
2023-01-14,Dokker,444
2023-01-14,Duster,785
2023-01-14,Jogger,591
2023-01-14,Lodgy,345
2023-01-14,Logan,657
2023-01-15,Dokker,235
2023-01-15,Duster,469
2023-01-15,Jogger,313
2023-01-15,Lodgy,193
2023-01-15,Logan,325
2023-01-16,Dokker,291
2023-01-16,Duster,485
2023-01-16,Jogger,412
2023-01-16,Lodgy,235
2023-01-16,Logan,441
2023-01-17,Dokker,311
2023-01-17,Duster,542
2023-01-17,Jogger,375
2023-01-17,Lodgy,202
2023-01-17,Logan,359
2023-01-18,Dokker,335
2023-01-18,Duster,536
2023-01-18,Jogger,401
2023-01-18,Lodgy,243
2023-01-18,Logan,435
2023-01-19,Dokker,354
2023-01-19,Duster,540
2023-01-19,Jogger,424
2023-01-19,Lodgy,266
2023-01-19,Logan,438
2023-01-20,Dokker,421
2023-01-20,Duster,714
2023-01-20,Jogger,493
2023-01-20,Lodgy,329
2023-01-20,Logan,566
2023-01-21,Dokker,418
2023-01-21,Duster,818
2023-01-21,Jogger,558
2023-01-21,Lodgy,326
2023-01-21,Logan,638
2023-01-22,Dokker,243
2023-01-22,Duster,481
2023-01-22,Jogger,322
2023-01-22,Lodgy,205
2023-01-22,Logan,332
2023-01-23,Dokker,293
2023-01-23,Duster,506
2023-01-23,Jogger,367
2023-01-23,Lodgy,231
2023-01-23,Logan,447
2023-01-24,Dokker,299
2023-01-24,Duster,532
2023-01-24,Jogger,356
2023-01-24,Lodgy,233
2023-01-24,Logan,387
2023-01-25,Dokker,304
2023-01-25,Duster,492
2023-01-25,Jogger,407
2023-01-25,Lodgy,248
2023-01-25,Logan,417
2023-01-26,Dokker,367
2023-01-26,Duster,641
2023-01-26,Jogger,397
2023-01-26,Lodgy,273
2023-01-26,Logan,442
2023-01-27,Dokker,435
2023-01-27,Duster,781
2023-01-27,Jogger,478
2023-01-27,Lodgy,332
2023-01-27,Logan,594
2023-01-28,Dokker,396
2023-01-28,Duster,852
2023-01-28,Jogger,563
2023-01-28,Lodgy,338
2023-01-28,Logan,551
2023-01-29,Dokker,231
2023-01-29,Duster,454
2023-01-29,Jogger,318
2023-01-29,Lodgy,171
2023-01-29,Logan,338
2023-01-30,Dokker,320
2023-01-30,Duster,558
2023-01-30,Jogger,403
2023-01-30,Lodgy,215
2023-01-30,Logan,439
2023-01-31,Dokker,296
2023-01-31,Duster,545
2023-01-31,Jogger,389
2023-01-31,Lodgy,229
2023-01-31,Logan,405
2023-02-01,Dokker,328
2023-02-01,Duster,501
2023-02-01,Jogger,414
2023-02-01,Lodgy,248
2023-02-01,Logan,456
2023-02-02,Dokker,363
2023-02-02,Duster,640
2023-02-02,Jogger,460
2023-02-02,Lodgy,268
2023-02-02,Logan,511
2023-02-03,Dokker,386
2023-02-03,Duster,720
2023-02-03,Jogger,508
2023-02-03,Lodgy,301
2023-02-03,Logan,571
2023-02-04,Dokker,441
2023-02-04,Duster,811
2023-02-04,Jogger,529
2023-02-04,Lodgy,307
2023-02-04,Logan,554
2023-02-05,Dokker,254
2023-02-05,Duster,444
2023-02-05,Jogger,338
2023-02-05,Lodgy,197
2023-02-05,Logan,377
2023-02-06,Dokker,287
2023-02-06,Duster,576
2023-02-06,Jogger,413
2023-02-06,Lodgy,240
2023-02-06,Logan,427
2023-02-07,Dokker,303
2023-02-07,Duster,467
2023-02-07,Jogger,343
2023-02-07,Lodgy,206
2023-02-07,Logan,377
2023-02-08,Dokker,281
2023-02-08,Duster,567
2023-02-08,Jogger,361
2023-02-08,Lodgy,219
2023-02-08,Logan,395
2023-02-09,Dokker,313
2023-02-09,Duster,619
2023-02-09,Jogger,402
2023-02-09,Lodgy,251
2023-02-09,Logan,495
2023-02-10,Dokker,392
2023-02-10,Duster,791
2023-02-10,Jogger,549
2023-02-10,Lodgy,278
2023-02-10,Logan,513
2023-02-11,Dokker,480
2023-02-11,Duster,787
2023-02-11,Jogger,619
2023-02-11,Lodgy,336
2023-02-11,Logan,645
2023-02-12,Dokker,245
2023-02-12,Duster,467
2023-02-12,Jogger,301
2023-02-12,Lodgy,171
2023-02-12,Logan,320
2023-02-13,Dokker,324
2023-02-13,Duster,543
2023-02-13,Jogger,426
2023-02-13,Lodgy,213
2023-02-13,Logan,438
2023-02-14,Dokker,264
2023-02-14,Duster,565
2023-02-14,Jogger,388
2023-02-14,Lodgy,197
2023-02-14,Logan,428
2023-02-15,Dokker,311
2023-02-15,Duster,518
2023-02-15,Jogger,411
2023-02-15,Lodgy,233
2023-02-15,Logan,442
2023-02-16,Dokker,316
2023-02-16,Duster,635
2023-02-16,Jogger,469
2023-02-16,Lodgy,227
2023-02-16,Logan,505
2023-02-17,Dokker,379
2023-02-17,Duster,674
2023-02-17,Jogger,493
2023-02-17,Lodgy,278
2023-02-17,Logan,510
2023-02-18,Dokker,440
2023-02-18,Duster,782
2023-02-18,Jogger,583
2023-02-18,Lodgy,294
2023-02-18,Logan,659
2023-02-19,Dokker,233
2023-02-19,Duster,432
2023-02-19,Jogger,297
2023-02-19,Lodgy,181
2023-02-19,Logan,353
2023-02-20,Dokker,332
2023-02-20,Duster,547
2023-02-20,Jogger,409
2023-02-20,Lodgy,216
2023-02-20,Logan,388
2023-02-21,Dokker,274
2023-02-21,Duster,539
2023-02-21,Jogger,351
2023-02-21,Lodgy,228
2023-02-21,Logan,427
2023-02-22,Dokker,331
2023-02-22,Duster,527
2023-02-22,Jogger,400
2023-02-22,Lodgy,213
2023-02-22,Logan,460
2023-02-23,Dokker,343
2023-02-23,Duster,563
2023-02-23,Jogger,460
2023-02-23,Lodgy,256
2023-02-23,Logan,443
2023-02-24,Dokker,376
2023-02-24,Duster,732
2023-02-24,Jogger,484
2023-02-24,Lodgy,323
2023-02-24,Logan,606
2023-02-25,Dokker,464
2023-02-25,Duster,716
2023-02-25,Jogger,605
2023-02-25,Lodgy,340
2023-02-25,Logan,662
2023-02-26,Dokker,234
2023-02-26,Duster,497
2023-02-26,Jogger,306
2023-02-26,Lodgy,186
2023-02-26,Logan,344
2023-02-27,Dokker,320
2023-02-27,Duster,561
2023-02-27,Jogger,404
2023-02-27,Lodgy,212
2023-02-27,Logan,424
2023-02-28,Dokker,300
2023-02-28,Duster,480
2023-02-28,Jogger,343
2023-02-28,Lodgy,193
2023-02-28,Logan,379
2023-03-01,Dokker,289
2023-03-01,Duster,546
2023-03-01,Jogger,385
2023-03-01,Lodgy,246
2023-03-01,Logan,445
2023-03-02,Dokker,332
2023-03-02,Duster,619
2023-03-02,Jogger,442
2023-03-02,Lodgy,237
2023-03-02,Logan,427
2023-03-03,Dokker,389
2023-03-03,Duster,762
2023-03-03,Jogger,507
2023-03-03,Lodgy,306
2023-03-03,Logan,588
2023-03-04,Dokker,458
2023-03-04,Duster,766
2023-03-04,Jogger,598
2023-03-04,Lodgy,310
2023-03-04,Logan,644
2023-03-05,Dokker,256
2023-03-05,Duster,429
2023-03-05,Jogger,324
2023-03-05,Lodgy,197
2023-03-05,Logan,378
2023-03-06,Dokker,279
2023-03-06,Duster,566
2023-03-06,Jogger,377
2023-03-06,Lodgy,229
2023-03-06,Logan,410
2023-03-07,Dokker,310
2023-03-07,Duster,540
2023-03-07,Jogger,339
2023-03-07,Lodgy,213
2023-03-07,Logan,363
2023-03-08,Dokker,273
2023-03-08,Duster,579
2023-03-08,Jogger,415
2023-03-08,Lodgy,213
2023-03-08,Logan,450
2023-03-09,Dokker,338
2023-03-09,Duster,598
2023-03-09,Jogger,414
2023-03-09,Lodgy,227
2023-03-09,Logan,432
2023-03-10,Dokker,370
2023-03-10,Duster,752
2023-03-10,Jogger,549
2023-03-10,Lodgy,299
2023-03-10,Logan,570
2023-03-11,Dokker,458
2023-03-11,Duster,716
2023-03-11,Jogger,584
2023-03-11,Lodgy,292
2023-03-11,Logan,594
2023-03-12,Dokker,258
2023-03-12,Duster,436
2023-03-12,Jogger,303
2023-03-12,Lodgy,182
2023-03-12,Logan,360
2023-03-13,Dokker,275
2023-03-13,Duster,555
2023-03-13,Jogger,405
2023-03-13,Lodgy,226
2023-03-13,Logan,422
2023-03-14,Dokker,283
2023-03-14,Duster,569
2023-03-14,Jogger,404
2023-03-14,Lodgy,229
2023-03-14,Logan,422
2023-03-15,Dokker,306
2023-03-15,Duster,564
2023-03-15,Jogger,417
2023-03-15,Lodgy,225
2023-03-15,Logan,454
2023-03-16,Dokker,328
2023-03-16,Duster,650
2023-03-16,Jogger,403
2023-03-16,Lodgy,239
2023-03-16,Logan,458
2023-03-17,Dokker,384
2023-03-17,Duster,696
2023-03-17,Jogger,539
2023-03-17,Lodgy,301
2023-03-17,Logan,581
2023-03-18,Dokker,452
2023-03-18,Duster,734
2023-03-18,Jogger,607
2023-03-18,Lodgy,294
2023-03-18,Logan,615
2023-03-19,Dokker,252
2023-03-19,Duster,489
2023-03-19,Jogger,322
2023-03-19,Lodgy,169
2023-03-19,Logan,374
2023-03-20,Dokker,274
2023-03-20,Duster,570
2023-03-20,Jogger,415
2023-03-20,Lodgy,219
2023-03-20,Logan,428
2023-03-21,Dokker,259
2023-03-21,Duster,545
2023-03-21,Jogger,403
2023-03-21,Lodgy,196
2023-03-21,Logan,427
2023-03-22,Dokker,284
2023-03-22,Duster,505
2023-03-22,Jogger,411
2023-03-22,Lodgy,226
2023-03-22,Logan,452
2023-03-23,Dokker,349
2023-03-23,Duster,650
2023-03-23,Jogger,443
2023-03-23,Lodgy,236
2023-03-23,Logan,461
2023-03-24,Dokker,430
2023-03-24,Duster,670
2023-03-24,Jogger,521
2023-03-24,Lodgy,271
2023-03-24,Logan,529
2023-03-25,Dokker,425
2023-03-25,Duster,834
2023-03-25,Jogger,594
2023-03-25,Lodgy,334
2023-03-25,Logan,640
2023-03-26,Dokker,264
2023-03-26,Duster,498
2023-03-26,Jogger,345
2023-03-26,Lodgy,202
2023-03-26,Logan,320
2023-03-27,Dokker,324
2023-03-27,Duster,605
2023-03-27,Jogger,367
2023-03-27,Lodgy,224
2023-03-27,Logan,430
2023-03-28,Dokker,278
2023-03-28,Duster,495
2023-03-28,Jogger,395
2023-03-28,Lodgy,216
2023-03-28,Logan,378
2023-03-29,Dokker,292
2023-03-29,Duster,505
2023-03-29,Jogger,369
2023-03-29,Lodgy,232
2023-03-29,Logan,466
2023-03-30,Dokker,353
2023-03-30,Duster,615
2023-03-30,Jogger,435
2023-03-30,Lodgy,253
2023-03-30,Logan,496
2023-03-31,Dokker,397
2023-03-31,Duster,801
2023-03-31,Jogger,574
2023-03-31,Lodgy,277
2023-03-31,Logan,535
2023-04-01,Dokker,519
2023-04-01,Duster,999
2023-04-01,Jogger,774
2023-04-01,Lodgy,428
2023-04-01,Logan,800
2023-04-02,Dokker,319
2023-04-02,Duster,566
2023-04-02,Jogger,410
2023-04-02,Lodgy,252
2023-04-02,Logan,455
2023-04-03,Dokker,412
2023-04-03,Duster,650
2023-04-03,Jogger,556
2023-04-03,Lodgy,272
2023-04-03,Logan,503
2023-04-04,Dokker,365
2023-04-04,Duster,638
2023-04-04,Jogger,525
2023-04-04,Lodgy,258
2023-04-04,Logan,501
2023-04-05,Dokker,423
2023-04-05,Duster,668
2023-04-05,Jogger,542
2023-04-05,Lodgy,280
2023-04-05,Logan,542
2023-04-06,Dokker,452
2023-04-06,Duster,875
2023-04-06,Jogger,559
2023-04-06,Lodgy,330
2023-04-06,Logan,627
2023-04-07,Dokker,523
2023-04-07,Duster,930
2023-04-07,Jogger,691
2023-04-07,Lodgy,383
2023-04-07,Logan,732
2023-04-08,Dokker,536
2023-04-08,Duster,999
2023-04-08,Jogger,688
2023-04-08,Lodgy,442
2023-04-08,Logan,784
2023-04-09,Dokker,305
2023-04-09,Duster,601
2023-04-09,Jogger,430
2023-04-09,Lodgy,241
2023-04-09,Logan,485
2023-04-10,Dokker,368
2023-04-10,Duster,708
2023-04-10,Jogger,524
2023-04-10,Lodgy,266
2023-04-10,Logan,605
2023-04-11,Dokker,401
2023-04-11,Duster,727
2023-04-11,Jogger,543
2023-04-11,Lodgy,277
2023-04-11,Logan,470
2023-04-12,Dokker,384
2023-04-12,Duster,657
2023-04-12,Jogger,484
2023-04-12,Lodgy,296
2023-04-12,Logan,509
2023-04-13,Dokker,426
2023-04-13,Duster,741
2023-04-13,Jogger,539
2023-04-13,Lodgy,338
2023-04-13,Logan,554
2023-04-14,Dokker,538
2023-04-14,Duster,995
2023-04-14,Jogger,654
2023-04-14,Lodgy,407
2023-04-14,Logan,786
2023-04-15,Dokker,615
2023-04-15,Duster,994
2023-04-15,Jogger,726
2023-04-15,Lodgy,398
2023-04-15,Logan,748
2023-04-16,Dokker,332
2023-04-16,Duster,583
2023-04-16,Jogger,405
2023-04-16,Lodgy,214
2023-04-16,Logan,422
2023-04-17,Dokker,405
2023-04-17,Duster,673
2023-04-17,Jogger,526
2023-04-17,Lodgy,259
2023-04-17,Logan,501
2023-04-18,Dokker,399
2023-04-18,Duster,619
2023-04-18,Jogger,483
2023-04-18,Lodgy,259
2023-04-18,Logan,552
2023-04-19,Dokker,368
2023-04-19,Duster,686
2023-04-19,Jogger,487
2023-04-19,Lodgy,299
2023-04-19,Logan,546
2023-04-20,Dokker,395
2023-04-20,Duster,857
2023-04-20,Jogger,633
2023-04-20,Lodgy,313
2023-04-20,Logan,639
2023-04-21,Dokker,517
2023-04-21,Duster,999
2023-04-21,Jogger,680
2023-04-21,Lodgy,371
2023-04-21,Logan,807
2023-04-22,Dokker,556
2023-04-22,Duster,999
2023-04-22,Jogger,714
2023-04-22,Lodgy,377
2023-04-22,Logan,826
2023-04-23,Dokker,314
2023-04-23,Duster,652
2023-04-23,Jogger,400
2023-04-23,Lodgy,226
2023-04-23,Logan,428
2023-04-24,Dokker,366
2023-04-24,Duster,748
2023-04-24,Jogger,550
2023-04-24,Lodgy,268
2023-04-24,Logan,579
2023-04-25,Dokker,377
2023-04-25,Duster,706
2023-04-25,Jogger,489
2023-04-25,Lodgy,283
2023-04-25,Logan,542
2023-04-26,Dokker,426
2023-04-26,Duster,658
2023-04-26,Jogger,548
2023-04-26,Lodgy,267
2023-04-26,Logan,606
2023-04-27,Dokker,444
2023-04-27,Duster,730
2023-04-27,Jogger,638
2023-04-27,Lodgy,301
2023-04-27,Logan,647
2023-04-28,Dokker,562
2023-04-28,Duster,896
2023-04-28,Jogger,697
2023-04-28,Lodgy,362
2023-04-28,Logan,797
2023-04-29,Dokker,522
2023-04-29,Duster,959
2023-04-29,Jogger,847
2023-04-29,Lodgy,375
2023-04-29,Logan,846
2023-04-30,Dokker,345
2023-04-30,Duster,572
2023-04-30,Jogger,480
2023-04-30,Lodgy,253
2023-04-30,Logan,433
2023-05-01,Dokker,360
2023-05-01,Duster,795
2023-05-01,Jogger,532
2023-05-01,Lodgy,257
2023-05-01,Logan,594
2023-05-02,Dokker,375
2023-05-02,Duster,702
2023-05-02,Jogger,486
2023-05-02,Lodgy,292
2023-05-02,Logan,539
2023-05-03,Dokker,410
2023-05-03,Duster,771
2023-05-03,Jogger,573
2023-05-03,Lodgy,268
2023-05-03,Logan,575
2023-05-04,Dokker,391
2023-05-04,Duster,768
2023-05-04,Jogger,575
2023-05-04,Lodgy,287
2023-05-04,Logan,615
2023-05-05,Dokker,510
2023-05-05,Duster,909
2023-05-05,Jogger,718
2023-05-05,Lodgy,381
2023-05-05,Logan,782
2023-05-06,Dokker,529
2023-05-06,Duster,999
2023-05-06,Jogger,804
2023-05-06,Lodgy,405
2023-05-06,Logan,727
2023-05-07,Dokker,300
2023-05-07,Duster,648
2023-05-07,Jogger,471
2023-05-07,Lodgy,230
2023-05-07,Logan,439
2023-05-08,Dokker,407
2023-05-08,Duster,791
2023-05-08,Jogger,511
2023-05-08,Lodgy,277
2023-05-08,Logan,509
2023-05-09,Dokker,355
2023-05-09,Duster,718
2023-05-09,Jogger,528
2023-05-09,Lodgy,291
2023-05-09,Logan,526
2023-05-10,Dokker,398
2023-05-10,Duster,792
2023-05-10,Jogger,517
2023-05-10,Lodgy,274
2023-05-10,Logan,542
2023-05-11,Dokker,459
2023-05-11,Duster,832
2023-05-11,Jogger,611
2023-05-11,Lodgy,306
2023-05-11,Logan,597
2023-05-12,Dokker,544
2023-05-12,Duster,943
2023-05-12,Jogger,656
2023-05-12,Lodgy,382
2023-05-12,Logan,739
2023-05-13,Dokker,574
2023-05-13,Duster,999
2023-05-13,Jogger,755
2023-05-13,Lodgy,436
2023-05-13,Logan,848
2023-05-14,Dokker,318
2023-05-14,Duster,653
2023-05-14,Jogger,493
2023-05-14,Lodgy,251
2023-05-14,Logan,416
2023-05-15,Dokker,375
2023-05-15,Duster,730
2023-05-15,Jogger,519
2023-05-15,Lodgy,293
2023-05-15,Logan,521
2023-05-16,Dokker,377
2023-05-16,Duster,645
2023-05-16,Jogger,479
2023-05-16,Lodgy,265
2023-05-16,Logan,491
2023-05-17,Dokker,409
2023-05-17,Duster,759
2023-05-17,Jogger,548
2023-05-17,Lodgy,264
2023-05-17,Logan,591
2023-05-18,Dokker,410
2023-05-18,Duster,761
2023-05-18,Jogger,627
2023-05-18,Lodgy,321
2023-05-18,Logan,580
2023-05-19,Dokker,520
2023-05-19,Duster,931
2023-05-19,Jogger,684
2023-05-19,Lodgy,342
2023-05-19,Logan,712
2023-05-20,Dokker,561
2023-05-20,Duster,999
2023-05-20,Jogger,790
2023-05-20,Lodgy,431
2023-05-20,Logan,861
2023-05-21,Dokker,328
2023-05-21,Duster,553
2023-05-21,Jogger,414
2023-05-21,Lodgy,224
2023-05-21,Logan,473
2023-05-22,Dokker,392
2023-05-22,Duster,705
2023-05-22,Jogger,540
2023-05-22,Lodgy,262
2023-05-22,Logan,543
2023-05-23,Dokker,373
2023-05-23,Duster,760
2023-05-23,Jogger,471
2023-05-23,Lodgy,282
2023-05-23,Logan,514
2023-05-24,Dokker,366
2023-05-24,Duster,798
2023-05-24,Jogger,545
2023-05-24,Lodgy,281
2023-05-24,Logan,538
2023-05-25,Dokker,395
2023-05-25,Duster,788
2023-05-25,Jogger,613
2023-05-25,Lodgy,334
2023-05-25,Logan,672
2023-05-26,Dokker,517
2023-05-26,Duster,921
2023-05-26,Jogger,713
2023-05-26,Lodgy,340
2023-05-26,Logan,745
2023-05-27,Dokker,504
2023-05-27,Duster,963
2023-05-27,Jogger,733
2023-05-27,Lodgy,389
2023-05-27,Logan,782
2023-05-28,Dokker,303
2023-05-28,Duster,606
2023-05-28,Jogger,408
2023-05-28,Lodgy,247
2023-05-28,Logan,436
2023-05-29,Dokker,354
2023-05-29,Duster,693
2023-05-29,Jogger,512
2023-05-29,Lodgy,305
2023-05-29,Logan,550
2023-05-30,Dokker,386
2023-05-30,Duster,651
2023-05-30,Jogger,558
2023-05-30,Lodgy,279
2023-05-30,Logan,532
2023-05-31,Dokker,351
2023-05-31,Duster,727
2023-05-31,Jogger,596
2023-05-31,Lodgy,267
2023-05-31,Logan,553
2023-06-01,Dokker,428
2023-06-01,Duster,817
2023-06-01,Jogger,604
2023-06-01,Lodgy,338
2023-06-01,Logan,610
2023-06-02,Dokker,535
2023-06-02,Duster,949
2023-06-02,Jogger,751
2023-06-02,Lodgy,403
2023-06-02,Logan,732
2023-06-03,Dokker,509
2023-06-03,Duster,999
2023-06-03,Jogger,836
2023-06-03,Lodgy,382
2023-06-03,Logan,765
2023-06-04,Dokker,317
2023-06-04,Duster,594
2023-06-04,Jogger,490
2023-06-04,Lodgy,248
2023-06-04,Logan,453
2023-06-05,Dokker,371
2023-06-05,Duster,735
2023-06-05,Jogger,523
2023-06-05,Lodgy,289
2023-06-05,Logan,600
2023-06-06,Dokker,342
2023-06-06,Duster,695
2023-06-06,Jogger,470
2023-06-06,Lodgy,260
2023-06-06,Logan,506
2023-06-07,Dokker,413
2023-06-07,Duster,725
2023-06-07,Jogger,574
2023-06-07,Lodgy,298
2023-06-07,Logan,611
2023-06-08,Dokker,388
2023-06-08,Duster,854
2023-06-08,Jogger,548
2023-06-08,Lodgy,332
2023-06-08,Logan,642
2023-06-09,Dokker,544
2023-06-09,Duster,981
2023-06-09,Jogger,695
2023-06-09,Lodgy,350
2023-06-09,Logan,730
2023-06-10,Dokker,557
2023-06-10,Duster,999
2023-06-10,Jogger,829
2023-06-10,Lodgy,418
2023-06-10,Logan,811
2023-06-11,Dokker,332
2023-06-11,Duster,591
2023-06-11,Jogger,503
2023-06-11,Lodgy,222
2023-06-11,Logan,473
2023-06-12,Dokker,399
2023-06-12,Duster,735
2023-06-12,Jogger,576
2023-06-12,Lodgy,252
2023-06-12,Logan,578
2023-06-13,Dokker,372
2023-06-13,Duster,662
2023-06-13,Jogger,519
2023-06-13,Lodgy,246
2023-06-13,Logan,536
2023-06-14,Dokker,398
2023-06-14,Duster,809
2023-06-14,Jogger,547
2023-06-14,Lodgy,257
2023-06-14,Logan,526
2023-06-15,Dokker,397
2023-06-15,Duster,764
2023-06-15,Jogger,629
2023-06-15,Lodgy,307
2023-06-15,Logan,634
2023-06-16,Dokker,525
2023-06-16,Duster,999
2023-06-16,Jogger,697
2023-06-16,Lodgy,344
2023-06-16,Logan,791
2023-06-17,Dokker,564
2023-06-17,Duster,999
2023-06-17,Jogger,729
2023-06-17,Lodgy,389
2023-06-17,Logan,737
2023-06-18,Dokker,299
2023-06-18,Duster,577
2023-06-18,Jogger,437
2023-06-18,Lodgy,220
2023-06-18,Logan,424
2023-06-19,Dokker,406
2023-06-19,Duster,753
2023-06-19,Jogger,537
2023-06-19,Lodgy,254
2023-06-19,Logan,543
2023-06-20,Dokker,365
2023-06-20,Duster,696
2023-06-20,Jogger,520
2023-06-20,Lodgy,271
2023-06-20,Logan,501
2023-06-21,Dokker,377
2023-06-21,Duster,693
2023-06-21,Jogger,572
2023-06-21,Lodgy,256
2023-06-21,Logan,577
2023-06-22,Dokker,461
2023-06-22,Duster,835
2023-06-22,Jogger,557
2023-06-22,Lodgy,335
2023-06-22,Logan,653
2023-06-23,Dokker,476
2023-06-23,Duster,937
2023-06-23,Jogger,726
2023-06-23,Lodgy,363
2023-06-23,Logan,765
2023-06-24,Dokker,576
2023-06-24,Duster,999
2023-06-24,Jogger,724
2023-06-24,Lodgy,371
2023-06-24,Logan,880
2023-06-25,Dokker,322
2023-06-25,Duster,652
2023-06-25,Jogger,466
2023-06-25,Lodgy,209
2023-06-25,Logan,450
2023-06-26,Dokker,404
2023-06-26,Duster,779
2023-06-26,Jogger,536
2023-06-26,Lodgy,258
2023-06-26,Logan,531
2023-06-27,Dokker,332
2023-06-27,Duster,642
2023-06-27,Jogger,510
2023-06-27,Lodgy,284
2023-06-27,Logan,529
2023-06-28,Dokker,353
2023-06-28,Duster,704
2023-06-28,Jogger,582
2023-06-28,Lodgy,270
2023-06-28,Logan,577
2023-06-29,Dokker,397
2023-06-29,Duster,770
2023-06-29,Jogger,667
2023-06-29,Lodgy,309
2023-06-29,Logan,586
2023-06-30,Dokker,529
2023-06-30,Duster,999
2023-06-30,Jogger,814
2023-06-30,Lodgy,330
2023-06-30,Logan,688
2023-07-01,Dokker,533
2023-07-01,Duster,999
2023-07-01,Jogger,885
2023-07-01,Lodgy,384
2023-07-01,Logan,842
2023-07-02,Dokker,345
2023-07-02,Duster,678
2023-07-02,Jogger,503
2023-07-02,Lodgy,241
2023-07-02,Logan,501
2023-07-03,Dokker,400
2023-07-03,Duster,742
2023-07-03,Jogger,576
2023-07-03,Lodgy,289
2023-07-03,Logan,592
2023-07-04,Dokker,386
2023-07-04,Duster,718
2023-07-04,Jogger,582
2023-07-04,Lodgy,271
2023-07-04,Logan,543
2023-07-05,Dokker,392
2023-07-05,Duster,760
2023-07-05,Jogger,579
2023-07-05,Lodgy,260
2023-07-05,Logan,553
2023-07-06,Dokker,479
2023-07-06,Duster,923
2023-07-06,Jogger,606
2023-07-06,Lodgy,308
2023-07-06,Logan,625
2023-07-07,Dokker,518
2023-07-07,Duster,950
2023-07-07,Jogger,802
2023-07-07,Lodgy,386
2023-07-07,Logan,696
2023-07-08,Dokker,599
2023-07-08,Duster,999
2023-07-08,Jogger,785
2023-07-08,Lodgy,412
2023-07-08,Logan,892
2023-07-09,Dokker,326
2023-07-09,Duster,606
2023-07-09,Jogger,511
2023-07-09,Lodgy,247
2023-07-09,Logan,513
2023-07-10,Dokker,397
2023-07-10,Duster,822
2023-07-10,Jogger,628
2023-07-10,Lodgy,264
2023-07-10,Logan,572
2023-07-11,Dokker,361
2023-07-11,Duster,765
2023-07-11,Jogger,584
2023-07-11,Lodgy,285
2023-07-11,Logan,493
2023-07-12,Dokker,384
2023-07-12,Duster,830
2023-07-12,Jogger,543
2023-07-12,Lodgy,290
2023-07-12,Logan,616
2023-07-13,Dokker,407
2023-07-13,Duster,849
2023-07-13,Jogger,666
2023-07-13,Lodgy,335
2023-07-13,Logan,595
2023-07-14,Dokker,504
2023-07-14,Duster,999
2023-07-14,Jogger,811
2023-07-14,Lodgy,349
2023-07-14,Logan,745
2023-07-15,Dokker,617
2023-07-15,Duster,999
2023-07-15,Jogger,880
2023-07-15,Lodgy,385
2023-07-15,Logan,839
2023-07-16,Dokker,280
2023-07-16,Duster,492
2023-07-16,Jogger,395
2023-07-16,Lodgy,201
2023-07-16,Logan,411
2023-07-17,Dokker,315
2023-07-17,Duster,623
2023-07-17,Jogger,448
2023-07-17,Lodgy,212
2023-07-17,Logan,443
2023-07-18,Dokker,319
2023-07-18,Duster,620
2023-07-18,Jogger,417
2023-07-18,Lodgy,212
2023-07-18,Logan,436
2023-07-19,Dokker,322
2023-07-19,Duster,579
2023-07-19,Jogger,502
2023-07-19,Lodgy,209
2023-07-19,Logan,422
2023-07-20,Dokker,349
2023-07-20,Duster,721
2023-07-20,Jogger,503
2023-07-20,Lodgy,263
2023-07-20,Logan,493
2023-07-21,Dokker,378
2023-07-21,Duster,771
2023-07-21,Jogger,664
2023-07-21,Lodgy,316
2023-07-21,Logan,592
2023-07-22,Dokker,435
2023-07-22,Duster,963
2023-07-22,Jogger,652
2023-07-22,Lodgy,336
2023-07-22,Logan,608
2023-07-23,Dokker,247
2023-07-23,Duster,469
2023-07-23,Jogger,383
2023-07-23,Lodgy,200
2023-07-23,Logan,350
2023-07-24,Dokker,325
2023-07-24,Duster,619
2023-07-24,Jogger,495
2023-07-24,Lodgy,209
2023-07-24,Logan,428
2023-07-25,Dokker,307
2023-07-25,Duster,543
2023-07-25,Jogger,404
2023-07-25,Lodgy,223
2023-07-25,Logan,446
2023-07-26,Dokker,336
2023-07-26,Duster,622
2023-07-26,Jogger,440
2023-07-26,Lodgy,244
2023-07-26,Logan,484
2023-07-27,Dokker,325
2023-07-27,Duster,631
2023-07-27,Jogger,514
2023-07-27,Lodgy,233
2023-07-27,Logan,504
2023-07-28,Dokker,395
2023-07-28,Duster,854
2023-07-28,Jogger,585
2023-07-28,Lodgy,306
2023-07-28,Logan,627
2023-07-29,Dokker,490
2023-07-29,Duster,870
2023-07-29,Jogger,640
2023-07-29,Lodgy,329
2023-07-29,Logan,650
2023-07-30,Dokker,248
2023-07-30,Duster,494
2023-07-30,Jogger,365
2023-07-30,Lodgy,193
2023-07-30,Logan,344
2023-07-31,Dokker,345
2023-07-31,Duster,572
2023-07-31,Jogger,456
2023-07-31,Lodgy,211
2023-07-31,Logan,450
2023-08-01,Dokker,269
2023-08-01,Duster,525
2023-08-01,Jogger,411
2023-08-01,Lodgy,192
2023-08-01,Logan,407
2023-08-02,Dokker,337
2023-08-02,Duster,595
2023-08-02,Jogger,501
2023-08-02,Lodgy,222
2023-08-02,Logan,467
2023-08-03,Dokker,370
2023-08-03,Duster,659
2023-08-03,Jogger,481
2023-08-03,Lodgy,237
2023-08-03,Logan,488
2023-08-04,Dokker,421
2023-08-04,Duster,809
2023-08-04,Jogger,620
2023-08-04,Lodgy,280
2023-08-04,Logan,650
2023-08-05,Dokker,423
2023-08-05,Duster,914
2023-08-05,Jogger,624
2023-08-05,Lodgy,335
2023-08-05,Logan,658
2023-08-06,Dokker,246
2023-08-06,Duster,508
2023-08-06,Jogger,393
2023-08-06,Lodgy,176
2023-08-06,Logan,345
2023-08-07,Dokker,332
2023-08-07,Duster,561
2023-08-07,Jogger,500
2023-08-07,Lodgy,233
2023-08-07,Logan,436
2023-08-08,Dokker,287
2023-08-08,Duster,552
2023-08-08,Jogger,408
2023-08-08,Lodgy,191
2023-08-08,Logan,406
2023-08-09,Dokker,297
2023-08-09,Duster,560
2023-08-09,Jogger,422
2023-08-09,Lodgy,230
2023-08-09,Logan,489
2023-08-10,Dokker,365
2023-08-10,Duster,741
2023-08-10,Jogger,551
2023-08-10,Lodgy,242
2023-08-10,Logan,463
2023-08-11,Dokker,388
2023-08-11,Duster,774
2023-08-11,Jogger,657
2023-08-11,Lodgy,307
2023-08-11,Logan,616
2023-08-12,Dokker,415
2023-08-12,Duster,911
2023-08-12,Jogger,738
2023-08-12,Lodgy,342
2023-08-12,Logan,715
2023-08-13,Dokker,242
2023-08-13,Duster,509
2023-08-13,Jogger,388
2023-08-13,Lodgy,193
2023-08-13,Logan,373
2023-08-14,Dokker,300
2023-08-14,Duster,577
2023-08-14,Jogger,437
2023-08-14,Lodgy,209
2023-08-14,Logan,502
2023-08-15,Dokker,319
2023-08-15,Duster,589
2023-08-15,Jogger,443
2023-08-15,Lodgy,213
2023-08-15,Logan,468
2023-08-16,Dokker,342
2023-08-16,Duster,596
2023-08-16,Jogger,469
2023-08-16,Lodgy,218
2023-08-16,Logan,477
2023-08-17,Dokker,344
2023-08-17,Duster,724
2023-08-17,Jogger,540
2023-08-17,Lodgy,234
2023-08-17,Logan,522
2023-08-18,Dokker,384
2023-08-18,Duster,785
2023-08-18,Jogger,605
2023-08-18,Lodgy,311
2023-08-18,Logan,595
2023-08-19,Dokker,425
2023-08-19,Duster,855
2023-08-19,Jogger,697
2023-08-19,Lodgy,312
2023-08-19,Logan,681
2023-08-20,Dokker,267
2023-08-20,Duster,568
2023-08-20,Jogger,417
2023-08-20,Lodgy,187
2023-08-20,Logan,351
2023-08-21,Dokker,305
2023-08-21,Duster,589
2023-08-21,Jogger,463
2023-08-21,Lodgy,224
2023-08-21,Logan,479
2023-08-22,Dokker,284
2023-08-22,Duster,598
2023-08-22,Jogger,420
2023-08-22,Lodgy,211
2023-08-22,Logan,437
2023-08-23,Dokker,338
2023-08-23,Duster,584
2023-08-23,Jogger,464
2023-08-23,Lodgy,216
2023-08-23,Logan,415
2023-08-24,Dokker,358
2023-08-24,Duster,674
2023-08-24,Jogger,566
2023-08-24,Lodgy,255
2023-08-24,Logan,534
2023-08-25,Dokker,427
2023-08-25,Duster,812
2023-08-25,Jogger,686
2023-08-25,Lodgy,264
2023-08-25,Logan,601
2023-08-26,Dokker,428
2023-08-26,Duster,835
2023-08-26,Jogger,646
2023-08-26,Lodgy,341
2023-08-26,Logan,676
2023-08-27,Dokker,246
2023-08-27,Duster,553
2023-08-27,Jogger,409
2023-08-27,Lodgy,169
2023-08-27,Logan,348
2023-08-28,Dokker,308
2023-08-28,Duster,613
2023-08-28,Jogger,490
2023-08-28,Lodgy,216
2023-08-28,Logan,461
2023-08-29,Dokker,297
2023-08-29,Duster,618
2023-08-29,Jogger,427
2023-08-29,Lodgy,193
2023-08-29,Logan,454
2023-08-30,Dokker,288
2023-08-30,Duster,621
2023-08-30,Jogger,435
2023-08-30,Lodgy,210
2023-08-30,Logan,421
2023-08-31,Dokker,342
2023-08-31,Duster,675
2023-08-31,Jogger,479
2023-08-31,Lodgy,244
2023-08-31,Logan,479
2023-09-01,Dokker,457
2023-09-01,Duster,902
2023-09-01,Jogger,632
2023-09-01,Lodgy,284
2023-09-01,Logan,624
2023-09-02,Dokker,468
2023-09-02,Duster,869
2023-09-02,Jogger,706
2023-09-02,Lodgy,323
2023-09-02,Logan,664
2023-09-03,Dokker,285
2023-09-03,Duster,468
2023-09-03,Jogger,390
2023-09-03,Lodgy,178
2023-09-03,Logan,408
2023-09-04,Dokker,323
2023-09-04,Duster,576
2023-09-04,Jogger,514
2023-09-04,Lodgy,238
2023-09-04,Logan,439
2023-09-05,Dokker,277
2023-09-05,Duster,577
2023-09-05,Jogger,408
2023-09-05,Lodgy,199
2023-09-05,Logan,407
2023-09-06,Dokker,323
2023-09-06,Duster,621
2023-09-06,Jogger,519
2023-09-06,Lodgy,215
2023-09-06,Logan,487
2023-09-07,Dokker,334
2023-09-07,Duster,728
2023-09-07,Jogger,545
2023-09-07,Lodgy,258
2023-09-07,Logan,549
2023-09-08,Dokker,409
2023-09-08,Duster,895
2023-09-08,Jogger,675
2023-09-08,Lodgy,310
2023-09-08,Logan,662
2023-09-09,Dokker,479
2023-09-09,Duster,863
2023-09-09,Jogger,729
2023-09-09,Lodgy,336
2023-09-09,Logan,643
2023-09-10,Dokker,240
2023-09-10,Duster,556
2023-09-10,Jogger,358
2023-09-10,Lodgy,184
2023-09-10,Logan,365
2023-09-11,Dokker,314
2023-09-11,Duster,678
2023-09-11,Jogger,449
2023-09-11,Lodgy,226
2023-09-11,Logan,425
2023-09-12,Dokker,309
2023-09-12,Duster,590
2023-09-12,Jogger,465
2023-09-12,Lodgy,221
2023-09-12,Logan,425
2023-09-13,Dokker,325
2023-09-13,Duster,646
2023-09-13,Jogger,519
2023-09-13,Lodgy,196
2023-09-13,Logan,488
2023-09-14,Dokker,324
2023-09-14,Duster,758
2023-09-14,Jogger,533
2023-09-14,Lodgy,252
2023-09-14,Logan,517
2023-09-15,Dokker,380
2023-09-15,Duster,866
2023-09-15,Jogger,672
2023-09-15,Lodgy,261
2023-09-15,Logan,642
2023-09-16,Dokker,467
2023-09-16,Duster,991
2023-09-16,Jogger,632
2023-09-16,Lodgy,290
2023-09-16,Logan,612
2023-09-17,Dokker,260
2023-09-17,Duster,516
2023-09-17,Jogger,371
2023-09-17,Lodgy,194
2023-09-17,Logan,366
2023-09-18,Dokker,307
2023-09-18,Duster,684
2023-09-18,Jogger,510
2023-09-18,Lodgy,236
2023-09-18,Logan,420
2023-09-19,Dokker,272
2023-09-19,Duster,595
2023-09-19,Jogger,455
2023-09-19,Lodgy,199
2023-09-19,Logan,445
2023-09-20,Dokker,330
2023-09-20,Duster,663
2023-09-20,Jogger,456
2023-09-20,Lodgy,236
2023-09-20,Logan,469
2023-09-21,Dokker,362
2023-09-21,Duster,765
2023-09-21,Jogger,523
2023-09-21,Lodgy,221
2023-09-21,Logan,466
2023-09-22,Dokker,395
2023-09-22,Duster,857
2023-09-22,Jogger,669
2023-09-22,Lodgy,262
2023-09-22,Logan,669
2023-09-23,Dokker,470
2023-09-23,Duster,863
2023-09-23,Jogger,654
2023-09-23,Lodgy,293
2023-09-23,Logan,660
2023-09-24,Dokker,236
2023-09-24,Duster,499
2023-09-24,Jogger,371
2023-09-24,Lodgy,169
2023-09-24,Logan,379
2023-09-25,Dokker,316
2023-09-25,Duster,623
2023-09-25,Jogger,524
2023-09-25,Lodgy,208
2023-09-25,Logan,481
2023-09-26,Dokker,317
2023-09-26,Duster,647
2023-09-26,Jogger,484
2023-09-26,Lodgy,205
2023-09-26,Logan,432
2023-09-27,Dokker,306
2023-09-27,Duster,610
2023-09-27,Jogger,502
2023-09-27,Lodgy,200
2023-09-27,Logan,422
2023-09-28,Dokker,330
2023-09-28,Duster,717
2023-09-28,Jogger,504
2023-09-28,Lodgy,250
2023-09-28,Logan,502
2023-09-29,Dokker,405
2023-09-29,Duster,825
2023-09-29,Jogger,632
2023-09-29,Lodgy,283
2023-09-29,Logan,579
2023-09-30,Dokker,438
2023-09-30,Duster,887
2023-09-30,Jogger,756
2023-09-30,Lodgy,293
2023-09-30,Logan,677
2023-10-01,Dokker,321
2023-10-01,Duster,736
2023-10-01,Jogger,558
2023-10-01,Lodgy,210
2023-10-01,Logan,444
2023-10-02,Dokker,382
2023-10-02,Duster,853
2023-10-02,Jogger,575
2023-10-02,Lodgy,248
2023-10-02,Logan,640
2023-10-03,Dokker,345
2023-10-03,Duster,692
2023-10-03,Jogger,572
2023-10-03,Lodgy,282
2023-10-03,Logan,560
2023-10-04,Dokker,418
2023-10-04,Duster,769
2023-10-04,Jogger,586
2023-10-04,Lodgy,258
2023-10-04,Logan,574
2023-10-05,Dokker,439
2023-10-05,Duster,855
2023-10-05,Jogger,675
2023-10-05,Lodgy,310
2023-10-05,Logan,694
2023-10-06,Dokker,554
2023-10-06,Duster,989
2023-10-06,Jogger,872
2023-10-06,Lodgy,381
2023-10-06,Logan,863
2023-10-07,Dokker,622
2023-10-07,Duster,999
2023-10-07,Jogger,905
2023-10-07,Lodgy,360
2023-10-07,Logan,775
2023-10-08,Dokker,314
2023-10-08,Duster,633
2023-10-08,Jogger,506
2023-10-08,Lodgy,224
2023-10-08,Logan,466
2023-10-09,Dokker,434
2023-10-09,Duster,756
2023-10-09,Jogger,663
2023-10-09,Lodgy,287
2023-10-09,Logan,625
2023-10-10,Dokker,403
2023-10-10,Duster,763
2023-10-10,Jogger,618
2023-10-10,Lodgy,234
2023-10-10,Logan,520
2023-10-11,Dokker,415
2023-10-11,Duster,771
2023-10-11,Jogger,558
2023-10-11,Lodgy,251
2023-10-11,Logan,619
2023-10-12,Dokker,407
2023-10-12,Duster,929
2023-10-12,Jogger,664
2023-10-12,Lodgy,332
2023-10-12,Logan,707
2023-10-13,Dokker,497
2023-10-13,Duster,999
2023-10-13,Jogger,859
2023-10-13,Lodgy,378
2023-10-13,Logan,763
2023-10-14,Dokker,585
2023-10-14,Duster,999
2023-10-14,Jogger,976
2023-10-14,Lodgy,380
2023-10-14,Logan,824
2023-10-15,Dokker,357
2023-10-15,Duster,713
2023-10-15,Jogger,547
2023-10-15,Lodgy,235
2023-10-15,Logan,492
2023-10-16,Dokker,415
2023-10-16,Duster,891
2023-10-16,Jogger,622
2023-10-16,Lodgy,292
2023-10-16,Logan,552
2023-10-17,Dokker,385
2023-10-17,Duster,749
2023-10-17,Jogger,590
2023-10-17,Lodgy,235
2023-10-17,Logan,580
2023-10-18,Dokker,410
2023-10-18,Duster,762
2023-10-18,Jogger,603
2023-10-18,Lodgy,297
2023-10-18,Logan,626
2023-10-19,Dokker,444
2023-10-19,Duster,926
2023-10-19,Jogger,647
2023-10-19,Lodgy,333
2023-10-19,Logan,607
2023-10-20,Dokker,497
2023-10-20,Duster,999
2023-10-20,Jogger,816
2023-10-20,Lodgy,349
2023-10-20,Logan,760
2023-10-21,Dokker,567
2023-10-21,Duster,999
2023-10-21,Jogger,925
2023-10-21,Lodgy,389
2023-10-21,Logan,839
2023-10-22,Dokker,319
2023-10-22,Duster,690
2023-10-22,Jogger,498
2023-10-22,Lodgy,207
2023-10-22,Logan,528
2023-10-23,Dokker,408
2023-10-23,Duster,849
2023-10-23,Jogger,589
2023-10-23,Lodgy,271
2023-10-23,Logan,601
2023-10-24,Dokker,379
2023-10-24,Duster,825
2023-10-24,Jogger,537
2023-10-24,Lodgy,257
2023-10-24,Logan,508
2023-10-25,Dokker,403
2023-10-25,Duster,865
2023-10-25,Jogger,615
2023-10-25,Lodgy,257
2023-10-25,Logan,562
2023-10-26,Dokker,427
2023-10-26,Duster,926
2023-10-26,Jogger,626
2023-10-26,Lodgy,300
2023-10-26,Logan,649
2023-10-27,Dokker,531
2023-10-27,Duster,999
2023-10-27,Jogger,880
2023-10-27,Lodgy,371
2023-10-27,Logan,748
2023-10-28,Dokker,613
2023-10-28,Duster,999
2023-10-28,Jogger,812
2023-10-28,Lodgy,371
2023-10-28,Logan,832
2023-10-29,Dokker,342
2023-10-29,Duster,615
2023-10-29,Jogger,544
2023-10-29,Lodgy,236
2023-10-29,Logan,519
2023-10-30,Dokker,394
2023-10-30,Duster,818
2023-10-30,Jogger,640
2023-10-30,Lodgy,274
2023-10-30,Logan,535
2023-10-31,Dokker,378
2023-10-31,Duster,812
2023-10-31,Jogger,617
2023-10-31,Lodgy,247
2023-10-31,Logan,614
2023-11-01,Dokker,388
2023-11-01,Duster,746
2023-11-01,Jogger,618
2023-11-01,Lodgy,254
2023-11-01,Logan,615
2023-11-02,Dokker,458
2023-11-02,Duster,850
2023-11-02,Jogger,715
2023-11-02,Lodgy,306
2023-11-02,Logan,646
2023-11-03,Dokker,571
2023-11-03,Duster,999
2023-11-03,Jogger,855
2023-11-03,Lodgy,345
2023-11-03,Logan,836
2023-11-04,Dokker,595
2023-11-04,Duster,999
2023-11-04,Jogger,817
2023-11-04,Lodgy,365
2023-11-04,Logan,781
2023-11-05,Dokker,353
2023-11-05,Duster,641
2023-11-05,Jogger,552
2023-11-05,Lodgy,213
2023-11-05,Logan,489
2023-11-06,Dokker,398
2023-11-06,Duster,868
2023-11-06,Jogger,632
2023-11-06,Lodgy,259
2023-11-06,Logan,540
2023-11-07,Dokker,410
2023-11-07,Duster,755
2023-11-07,Jogger,561
2023-11-07,Lodgy,264
2023-11-07,Logan,595
2023-11-08,Dokker,394
2023-11-08,Duster,735
2023-11-08,Jogger,601
2023-11-08,Lodgy,276
2023-11-08,Logan,606
2023-11-09,Dokker,459
2023-11-09,Duster,889
2023-11-09,Jogger,693
2023-11-09,Lodgy,294
2023-11-09,Logan,621
2023-11-10,Dokker,529
2023-11-10,Duster,981
2023-11-10,Jogger,801
2023-11-10,Lodgy,337
2023-11-10,Logan,741
2023-11-11,Dokker,605
2023-11-11,Duster,999
2023-11-11,Jogger,826
2023-11-11,Lodgy,400
2023-11-11,Logan,787
2023-11-12,Dokker,348
2023-11-12,Duster,639
2023-11-12,Jogger,531
2023-11-12,Lodgy,221
2023-11-12,Logan,506
2023-11-13,Dokker,389
2023-11-13,Duster,844
2023-11-13,Jogger,593
2023-11-13,Lodgy,267
2023-11-13,Logan,558
2023-11-14,Dokker,403
2023-11-14,Duster,816
2023-11-14,Jogger,591
2023-11-14,Lodgy,278
2023-11-14,Logan,583
2023-11-15,Dokker,399
2023-11-15,Duster,882
2023-11-15,Jogger,623
2023-11-15,Lodgy,290
2023-11-15,Logan,588
2023-11-16,Dokker,454
2023-11-16,Duster,893
2023-11-16,Jogger,734
2023-11-16,Lodgy,292
2023-11-16,Logan,598
2023-11-17,Dokker,514
2023-11-17,Duster,998
2023-11-17,Jogger,869
2023-11-17,Lodgy,382
2023-11-17,Logan,830
2023-11-18,Dokker,607
2023-11-18,Duster,999
2023-11-18,Jogger,922
2023-11-18,Lodgy,428
2023-11-18,Logan,881
2023-11-19,Dokker,352
2023-11-19,Duster,713
2023-11-19,Jogger,525
2023-11-19,Lodgy,213
2023-11-19,Logan,455
2023-11-20,Dokker,419
2023-11-20,Duster,895
2023-11-20,Jogger,599
2023-11-20,Lodgy,263
2023-11-20,Logan,577
2023-11-21,Dokker,391
2023-11-21,Duster,840
2023-11-21,Jogger,611
2023-11-21,Lodgy,234
2023-11-21,Logan,526
2023-11-22,Dokker,396
2023-11-22,Duster,739
2023-11-22,Jogger,606
2023-11-22,Lodgy,273
2023-11-22,Logan,612
2023-11-23,Dokker,444
2023-11-23,Duster,928
2023-11-23,Jogger,639
2023-11-23,Lodgy,284
2023-11-23,Logan,598
2023-11-24,Dokker,518
2023-11-24,Duster,999
2023-11-24,Jogger,844
2023-11-24,Lodgy,376
2023-11-24,Logan,767
2023-11-25,Dokker,517
2023-11-25,Duster,999
2023-11-25,Jogger,978
2023-11-25,Lodgy,421
2023-11-25,Logan,900
2023-11-26,Dokker,348
2023-11-26,Duster,659
2023-11-26,Jogger,544
2023-11-26,Lodgy,202
2023-11-26,Logan,502
2023-11-27,Dokker,407
2023-11-27,Duster,769
2023-11-27,Jogger,650
2023-11-27,Lodgy,274
2023-11-27,Logan,647
2023-11-28,Dokker,383
2023-11-28,Duster,838
2023-11-28,Jogger,586
2023-11-28,Lodgy,269
2023-11-28,Logan,605
2023-11-29,Dokker,362
2023-11-29,Duster,769
2023-11-29,Jogger,618
2023-11-29,Lodgy,279
2023-11-29,Logan,537
2023-11-30,Dokker,425
2023-11-30,Duster,830
2023-11-30,Jogger,775
2023-11-30,Lodgy,277
2023-11-30,Logan,703
2023-12-01,Dokker,495
2023-12-01,Duster,999
2023-12-01,Jogger,850
2023-12-01,Lodgy,343
2023-12-01,Logan,760
2023-12-02,Dokker,544
2023-12-02,Duster,999
2023-12-02,Jogger,944
2023-12-02,Lodgy,379
2023-12-02,Logan,780
2023-12-03,Dokker,299
2023-12-03,Duster,640
2023-12-03,Jogger,505
2023-12-03,Lodgy,231
2023-12-03,Logan,468
2023-12-04,Dokker,425
2023-12-04,Duster,827
2023-12-04,Jogger,687
2023-12-04,Lodgy,254
2023-12-04,Logan,554
2023-12-05,Dokker,356
2023-12-05,Duster,842
2023-12-05,Jogger,557
2023-12-05,Lodgy,237
2023-12-05,Logan,545
2023-12-06,Dokker,380
2023-12-06,Duster,822
2023-12-06,Jogger,591
2023-12-06,Lodgy,240
2023-12-06,Logan,636
2023-12-07,Dokker,448
2023-12-07,Duster,914
2023-12-07,Jogger,694
2023-12-07,Lodgy,298
2023-12-07,Logan,677
2023-12-08,Dokker,547
2023-12-08,Duster,999
2023-12-08,Jogger,921
2023-12-08,Lodgy,352
2023-12-08,Logan,796
2023-12-09,Dokker,614
2023-12-09,Duster,999
2023-12-09,Jogger,999
2023-12-09,Lodgy,388
2023-12-09,Logan,927
2023-12-10,Dokker,329
2023-12-10,Duster,749
2023-12-10,Jogger,509
2023-12-10,Lodgy,206
2023-12-10,Logan,515
2023-12-11,Dokker,387
2023-12-11,Duster,878
2023-12-11,Jogger,675
2023-12-11,Lodgy,243
2023-12-11,Logan,616
2023-12-12,Dokker,371
2023-12-12,Duster,841
2023-12-12,Jogger,572
2023-12-12,Lodgy,261
2023-12-12,Logan,552
2023-12-13,Dokker,415
2023-12-13,Duster,785
2023-12-13,Jogger,625
2023-12-13,Lodgy,266
2023-12-13,Logan,588
2023-12-14,Dokker,473
2023-12-14,Duster,927
2023-12-14,Jogger,718
2023-12-14,Lodgy,301
2023-12-14,Logan,613
2023-12-15,Dokker,713
2023-12-15,Duster,999
2023-12-15,Jogger,999
2023-12-15,Lodgy,433
2023-12-15,Logan,999
2023-12-16,Dokker,802
2023-12-16,Duster,999
2023-12-16,Jogger,999
2023-12-16,Lodgy,476
2023-12-16,Logan,999
2023-12-17,Dokker,397
2023-12-17,Duster,876
2023-12-17,Jogger,746
2023-12-17,Lodgy,274
2023-12-17,Logan,700
2023-12-18,Dokker,516
2023-12-18,Duster,999
2023-12-18,Jogger,859
2023-12-18,Lodgy,336
2023-12-18,Logan,755
2023-12-19,Dokker,498
2023-12-19,Duster,989
2023-12-19,Jogger,840
2023-12-19,Lodgy,300
2023-12-19,Logan,726
2023-12-20,Dokker,562
2023-12-20,Duster,999
2023-12-20,Jogger,835
2023-12-20,Lodgy,366
2023-12-20,Logan,839
2023-12-21,Dokker,609
2023-12-21,Duster,999
2023-12-21,Jogger,893
2023-12-21,Lodgy,414
2023-12-21,Logan,799
2023-12-22,Dokker,688
2023-12-22,Duster,999
2023-12-22,Jogger,999
2023-12-22,Lodgy,434
2023-12-22,Logan,999
2023-12-23,Dokker,765
2023-12-23,Duster,999
2023-12-23,Jogger,999
2023-12-23,Lodgy,472
2023-12-23,Logan,999
2023-12-24,Dokker,461
2023-12-24,Duster,908
2023-12-24,Jogger,722
2023-12-24,Lodgy,294
2023-12-24,Logan,644
2023-12-25,Dokker,552
2023-12-25,Duster,999
2023-12-25,Jogger,803
2023-12-25,Lodgy,323
2023-12-25,Logan,717
2023-12-26,Dokker,441
2023-12-26,Duster,934
2023-12-26,Jogger,748
2023-12-26,Lodgy,356
2023-12-26,Logan,719
2023-12-27,Dokker,512
2023-12-27,Duster,999
2023-12-27,Jogger,853
2023-12-27,Lodgy,316
2023-12-27,Logan,726
2023-12-28,Dokker,556
2023-12-28,Duster,999
2023-12-28,Jogger,955
2023-12-28,Lodgy,391
2023-12-28,Logan,938
2023-12-29,Dokker,644
2023-12-29,Duster,999
2023-12-29,Jogger,999
2023-12-29,Lodgy,486
2023-12-29,Logan,999
2023-12-30,Dokker,807
2023-12-30,Duster,999
2023-12-30,Jogger,999
2023-12-30,Lodgy,487
2023-12-30,Logan,999
2023-12-31,Dokker,424
2023-12-31,Duster,934
2023-12-31,Jogger,668
2023-12-31,Lodgy,296
2023-12-31,Logan,701
2024-01-01,Dokker,345
2024-01-01,Duster,758
2024-01-01,Jogger,641
2024-01-01,Lodgy,241
2024-01-01,Logan,579
2024-01-02,Dokker,338
2024-01-02,Duster,764
2024-01-02,Jogger,625
2024-01-02,Lodgy,262
2024-01-02,Logan,587
2024-01-03,Dokker,384
2024-01-03,Duster,724
2024-01-03,Jogger,568
2024-01-03,Lodgy,246
2024-01-03,Logan,553
2024-01-04,Dokker,430
2024-01-04,Duster,801
2024-01-04,Jogger,626
2024-01-04,Lodgy,271
2024-01-04,Logan,697
2024-01-05,Dokker,487
2024-01-05,Duster,999
2024-01-05,Jogger,854
2024-01-05,Lodgy,324
2024-01-05,Logan,841
2024-01-06,Dokker,591
2024-01-06,Duster,999
2024-01-06,Jogger,882
2024-01-06,Lodgy,362
2024-01-06,Logan,793
2024-01-07,Dokker,323
2024-01-07,Duster,618
2024-01-07,Jogger,495
2024-01-07,Lodgy,206
2024-01-07,Logan,488
2024-01-08,Dokker,359
2024-01-08,Duster,843
2024-01-08,Jogger,614
2024-01-08,Lodgy,228
2024-01-08,Logan,618
2024-01-09,Dokker,328
2024-01-09,Duster,808
2024-01-09,Jogger,550
2024-01-09,Lodgy,226
2024-01-09,Logan,573
2024-01-10,Dokker,370
2024-01-10,Duster,791
2024-01-10,Jogger,628
2024-01-10,Lodgy,271
2024-01-10,Logan,547
2024-01-11,Dokker,301
2024-01-11,Duster,706
2024-01-11,Jogger,569
2024-01-11,Lodgy,209
2024-01-11,Logan,524
2024-01-12,Dokker,364
2024-01-12,Duster,843
2024-01-12,Jogger,673
2024-01-12,Lodgy,272
2024-01-12,Logan,637
2024-01-13,Dokker,459
2024-01-13,Duster,947
2024-01-13,Jogger,728
2024-01-13,Lodgy,273
2024-01-13,Logan,606
2024-01-14,Dokker,219
2024-01-14,Duster,561
2024-01-14,Jogger,398
2024-01-14,Lodgy,155
2024-01-14,Logan,355
2024-01-15,Dokker,298
2024-01-15,Duster,592
2024-01-15,Jogger,437
2024-01-15,Lodgy,184
2024-01-15,Logan,486
2024-01-16,Dokker,251
2024-01-16,Duster,552
2024-01-16,Jogger,489
2024-01-16,Lodgy,168
2024-01-16,Logan,454
2024-01-17,Dokker,318
2024-01-17,Duster,599
2024-01-17,Jogger,464
2024-01-17,Lodgy,202
2024-01-17,Logan,408
2024-01-18,Dokker,320
2024-01-18,Duster,755
2024-01-18,Jogger,504
2024-01-18,Lodgy,226
2024-01-18,Logan,455
2024-01-19,Dokker,400
2024-01-19,Duster,877
2024-01-19,Jogger,625
2024-01-19,Lodgy,239
2024-01-19,Logan,631
2024-01-20,Dokker,386
2024-01-20,Duster,814
2024-01-20,Jogger,738
2024-01-20,Lodgy,303
2024-01-20,Logan,589
2024-01-21,Dokker,260
2024-01-21,Duster,517
2024-01-21,Jogger,427
2024-01-21,Lodgy,158
2024-01-21,Logan,337
2024-01-22,Dokker,289
2024-01-22,Duster,647
2024-01-22,Jogger,473
2024-01-22,Lodgy,174
2024-01-22,Logan,468
2024-01-23,Dokker,251
2024-01-23,Duster,640
2024-01-23,Jogger,427
2024-01-23,Lodgy,181
2024-01-23,Logan,429
2024-01-24,Dokker,293
2024-01-24,Duster,639
2024-01-24,Jogger,467
2024-01-24,Lodgy,186
2024-01-24,Logan,408
2024-01-25,Dokker,345
2024-01-25,Duster,757
2024-01-25,Jogger,553
2024-01-25,Lodgy,218
2024-01-25,Logan,461
2024-01-26,Dokker,409
2024-01-26,Duster,882
2024-01-26,Jogger,703
2024-01-26,Lodgy,255
2024-01-26,Logan,614
2024-01-27,Dokker,395
2024-01-27,Duster,946
2024-01-27,Jogger,756
2024-01-27,Lodgy,259
2024-01-27,Logan,634
2024-01-28,Dokker,262
2024-01-28,Duster,530
2024-01-28,Jogger,416
2024-01-28,Lodgy,154
2024-01-28,Logan,333
2024-01-29,Dokker,307
2024-01-29,Duster,637
2024-01-29,Jogger,525
2024-01-29,Lodgy,208
2024-01-29,Logan,462
2024-01-30,Dokker,288
2024-01-30,Duster,590
2024-01-30,Jogger,449
2024-01-30,Lodgy,185
2024-01-30,Logan,417
2024-01-31,Dokker,315
2024-01-31,Duster,629
2024-01-31,Jogger,505
2024-01-31,Lodgy,203
2024-01-31,Logan,457
2024-02-01,Dokker,317
2024-02-01,Duster,732
2024-02-01,Jogger,547
2024-02-01,Lodgy,221
2024-02-01,Logan,475
2024-02-02,Dokker,416
2024-02-02,Duster,825
2024-02-02,Jogger,708
2024-02-02,Lodgy,258
2024-02-02,Logan,603
2024-02-03,Dokker,392
2024-02-03,Duster,845
2024-02-03,Jogger,769
2024-02-03,Lodgy,281
2024-02-03,Logan,688
2024-02-04,Dokker,219
2024-02-04,Duster,543
2024-02-04,Jogger,396
2024-02-04,Lodgy,169
2024-02-04,Logan,397
2024-02-05,Dokker,296
2024-02-05,Duster,654
2024-02-05,Jogger,439
2024-02-05,Lodgy,202
2024-02-05,Logan,443
2024-02-06,Dokker,271
2024-02-06,Duster,548
2024-02-06,Jogger,431
2024-02-06,Lodgy,175
2024-02-06,Logan,379
2024-02-07,Dokker,267
2024-02-07,Duster,650
2024-02-07,Jogger,493
2024-02-07,Lodgy,199
2024-02-07,Logan,410
2024-02-08,Dokker,351
2024-02-08,Duster,647
2024-02-08,Jogger,591
2024-02-08,Lodgy,205
2024-02-08,Logan,480
2024-02-09,Dokker,406
2024-02-09,Duster,897
2024-02-09,Jogger,621
2024-02-09,Lodgy,266
2024-02-09,Logan,580
2024-02-10,Dokker,436
2024-02-10,Duster,861
2024-02-10,Jogger,769
2024-02-10,Lodgy,262
2024-02-10,Logan,646
2024-02-11,Dokker,255
2024-02-11,Duster,514
2024-02-11,Jogger,385
2024-02-11,Lodgy,173
2024-02-11,Logan,341
2024-02-12,Dokker,273
2024-02-12,Duster,680
2024-02-12,Jogger,449
2024-02-12,Lodgy,177
2024-02-12,Logan,410
2024-02-13,Dokker,289
2024-02-13,Duster,590
2024-02-13,Jogger,429
2024-02-13,Lodgy,165
2024-02-13,Logan,460
2024-02-14,Dokker,307
2024-02-14,Duster,675
2024-02-14,Jogger,488
2024-02-14,Lodgy,195
2024-02-14,Logan,471
2024-02-15,Dokker,307
2024-02-15,Duster,685
2024-02-15,Jogger,553
2024-02-15,Lodgy,216
2024-02-15,Logan,488
2024-02-16,Dokker,400
2024-02-16,Duster,787
2024-02-16,Jogger,712
2024-02-16,Lodgy,246
2024-02-16,Logan,534
2024-02-17,Dokker,419
2024-02-17,Duster,986
2024-02-17,Jogger,679
2024-02-17,Lodgy,257
2024-02-17,Logan,618
2024-02-18,Dokker,223
2024-02-18,Duster,540
2024-02-18,Jogger,425
2024-02-18,Lodgy,171
2024-02-18,Logan,390
2024-02-19,Dokker,283
2024-02-19,Duster,592
2024-02-19,Jogger,530
2024-02-19,Lodgy,171
2024-02-19,Logan,427
2024-02-20,Dokker,292
2024-02-20,Duster,571
2024-02-20,Jogger,503
2024-02-20,Lodgy,172
2024-02-20,Logan,395
2024-02-21,Dokker,284
2024-02-21,Duster,590
2024-02-21,Jogger,469
2024-02-21,Lodgy,171
2024-02-21,Logan,425
2024-02-22,Dokker,314
2024-02-22,Duster,701
2024-02-22,Jogger,517
2024-02-22,Lodgy,193
2024-02-22,Logan,541
2024-02-23,Dokker,377
2024-02-23,Duster,885
2024-02-23,Jogger,646
2024-02-23,Lodgy,231
2024-02-23,Logan,630
2024-02-24,Dokker,399
2024-02-24,Duster,942
2024-02-24,Jogger,669
2024-02-24,Lodgy,280
2024-02-24,Logan,678
2024-02-25,Dokker,221
2024-02-25,Duster,501
2024-02-25,Jogger,387
2024-02-25,Lodgy,164
2024-02-25,Logan,350
2024-02-26,Dokker,283
2024-02-26,Duster,652
2024-02-26,Jogger,485
2024-02-26,Lodgy,198
2024-02-26,Logan,451
2024-02-27,Dokker,262
2024-02-27,Duster,578
2024-02-27,Jogger,510
2024-02-27,Lodgy,183
2024-02-27,Logan,407
2024-02-28,Dokker,287
2024-02-28,Duster,611
2024-02-28,Jogger,491
2024-02-28,Lodgy,202
2024-02-28,Logan,444
2024-02-29,Dokker,290
2024-02-29,Duster,729
2024-02-29,Jogger,540
2024-02-29,Lodgy,205
2024-02-29,Logan,462
2024-03-01,Dokker,371
2024-03-01,Duster,871
2024-03-01,Jogger,661
2024-03-01,Lodgy,245
2024-03-01,Logan,566
2024-03-02,Dokker,375
2024-03-02,Duster,885
2024-03-02,Jogger,648
2024-03-02,Lodgy,285
2024-03-02,Logan,588
2024-03-03,Dokker,226
2024-03-03,Duster,551
2024-03-03,Jogger,433
2024-03-03,Lodgy,171
2024-03-03,Logan,377
2024-03-04,Dokker,312
2024-03-04,Duster,678
2024-03-04,Jogger,493
2024-03-04,Lodgy,191
2024-03-04,Logan,484
2024-03-05,Dokker,281
2024-03-05,Duster,608
2024-03-05,Jogger,440
2024-03-05,Lodgy,186
2024-03-05,Logan,402
2024-03-06,Dokker,263
2024-03-06,Duster,574
2024-03-06,Jogger,495
2024-03-06,Lodgy,192
2024-03-06,Logan,443
2024-03-07,Dokker,318
2024-03-07,Duster,660
2024-03-07,Jogger,508
2024-03-07,Lodgy,211
2024-03-07,Logan,523
2024-03-08,Dokker,373
2024-03-08,Duster,896
2024-03-08,Jogger,623
2024-03-08,Lodgy,258
2024-03-08,Logan,599
2024-03-09,Dokker,426
2024-03-09,Duster,999
2024-03-09,Jogger,747
2024-03-09,Lodgy,294
2024-03-09,Logan,618
2024-03-10,Dokker,235
2024-03-10,Duster,520
2024-03-10,Jogger,443
2024-03-10,Lodgy,156
2024-03-10,Logan,362
2024-03-11,Dokker,260
2024-03-11,Duster,641
2024-03-11,Jogger,531
2024-03-11,Lodgy,206
2024-03-11,Logan,450
2024-03-12,Dokker,277
2024-03-12,Duster,654
2024-03-12,Jogger,514
2024-03-12,Lodgy,166
2024-03-12,Logan,431
2024-03-13,Dokker,278
2024-03-13,Duster,593
2024-03-13,Jogger,495
2024-03-13,Lodgy,199
2024-03-13,Logan,411
2024-03-14,Dokker,307
2024-03-14,Duster,658
2024-03-14,Jogger,545
2024-03-14,Lodgy,192
2024-03-14,Logan,524
2024-03-15,Dokker,403
2024-03-15,Duster,797
2024-03-15,Jogger,612
2024-03-15,Lodgy,228
2024-03-15,Logan,578
2024-03-16,Dokker,413
2024-03-16,Duster,933
2024-03-16,Jogger,735
2024-03-16,Lodgy,248
2024-03-16,Logan,626
2024-03-17,Dokker,241
2024-03-17,Duster,559
2024-03-17,Jogger,439
2024-03-17,Lodgy,152
2024-03-17,Logan,367
2024-03-18,Dokker,277
2024-03-18,Duster,652
2024-03-18,Jogger,456
2024-03-18,Lodgy,193
2024-03-18,Logan,438
2024-03-19,Dokker,252
2024-03-19,Duster,606
2024-03-19,Jogger,425
2024-03-19,Lodgy,185
2024-03-19,Logan,390
2024-03-20,Dokker,298
2024-03-20,Duster,653
2024-03-20,Jogger,508
2024-03-20,Lodgy,178
2024-03-20,Logan,466
2024-03-21,Dokker,287
2024-03-21,Duster,678
2024-03-21,Jogger,531
2024-03-21,Lodgy,217
2024-03-21,Logan,537
2024-03-22,Dokker,373
2024-03-22,Duster,827
2024-03-22,Jogger,609
2024-03-22,Lodgy,228
2024-03-22,Logan,590
2024-03-23,Dokker,420
2024-03-23,Duster,990
2024-03-23,Jogger,701
2024-03-23,Lodgy,260
2024-03-23,Logan,630
2024-03-24,Dokker,235
2024-03-24,Duster,580
2024-03-24,Jogger,391
2024-03-24,Lodgy,153
2024-03-24,Logan,336
2024-03-25,Dokker,278
2024-03-25,Duster,653
2024-03-25,Jogger,484
2024-03-25,Lodgy,197
2024-03-25,Logan,437
2024-03-26,Dokker,268
2024-03-26,Duster,559
2024-03-26,Jogger,479
2024-03-26,Lodgy,160
2024-03-26,Logan,416
2024-03-27,Dokker,299
2024-03-27,Duster,660
2024-03-27,Jogger,451
2024-03-27,Lodgy,201
2024-03-27,Logan,409
2024-03-28,Dokker,307
2024-03-28,Duster,756
2024-03-28,Jogger,576
2024-03-28,Lodgy,195
2024-03-28,Logan,478
2024-03-29,Dokker,411
2024-03-29,Duster,856
2024-03-29,Jogger,646
2024-03-29,Lodgy,228
2024-03-29,Logan,634
2024-03-30,Dokker,440
2024-03-30,Duster,967
2024-03-30,Jogger,663
2024-03-30,Lodgy,249
2024-03-30,Logan,643
2024-03-31,Dokker,226
2024-03-31,Duster,546
2024-03-31,Jogger,459
2024-03-31,Lodgy,144
2024-03-31,Logan,359
2024-04-01,Dokker,384
2024-04-01,Duster,824
2024-04-01,Jogger,699
2024-04-01,Lodgy,239
2024-04-01,Logan,585
2024-04-02,Dokker,380
2024-04-02,Duster,771
2024-04-02,Jogger,619
2024-04-02,Lodgy,229
2024-04-02,Logan,551
2024-04-03,Dokker,407
2024-04-03,Duster,873
2024-04-03,Jogger,630
2024-04-03,Lodgy,253
2024-04-03,Logan,605
2024-04-04,Dokker,426
2024-04-04,Duster,991
2024-04-04,Jogger,768
2024-04-04,Lodgy,285
2024-04-04,Logan,699
2024-04-05,Dokker,457
2024-04-05,Duster,999
2024-04-05,Jogger,840
2024-04-05,Lodgy,331
2024-04-05,Logan,824
2024-04-06,Dokker,562
2024-04-06,Duster,999
2024-04-06,Jogger,999
2024-04-06,Lodgy,331
2024-04-06,Logan,832
2024-04-07,Dokker,280
2024-04-07,Duster,658
2024-04-07,Jogger,560
2024-04-07,Lodgy,203
2024-04-07,Logan,477
2024-04-08,Dokker,337
2024-04-08,Duster,875
2024-04-08,Jogger,622
2024-04-08,Lodgy,260
2024-04-08,Logan,521
2024-04-09,Dokker,344
2024-04-09,Duster,800
2024-04-09,Jogger,572
2024-04-09,Lodgy,228
2024-04-09,Logan,568
2024-04-10,Dokker,343
2024-04-10,Duster,780
2024-04-10,Jogger,670
2024-04-10,Lodgy,263
2024-04-10,Logan,563
2024-04-11,Dokker,443
2024-04-11,Duster,994
2024-04-11,Jogger,681
2024-04-11,Lodgy,259
2024-04-11,Logan,685
2024-04-12,Dokker,475
2024-04-12,Duster,999
2024-04-12,Jogger,923
2024-04-12,Lodgy,345
2024-04-12,Logan,804
2024-04-13,Dokker,512
2024-04-13,Duster,999
2024-04-13,Jogger,968
2024-04-13,Lodgy,335
2024-04-13,Logan,777
2024-04-14,Dokker,338
2024-04-14,Duster,682
2024-04-14,Jogger,545
2024-04-14,Lodgy,197
2024-04-14,Logan,503
2024-04-15,Dokker,373
2024-04-15,Duster,867
2024-04-15,Jogger,601
2024-04-15,Lodgy,229
2024-04-15,Logan,584
2024-04-16,Dokker,377
2024-04-16,Duster,765
2024-04-16,Jogger,639
2024-04-16,Lodgy,212
2024-04-16,Logan,557
2024-04-17,Dokker,402
2024-04-17,Duster,755
2024-04-17,Jogger,714
2024-04-17,Lodgy,252
2024-04-17,Logan,563
2024-04-18,Dokker,389
2024-04-18,Duster,923
2024-04-18,Jogger,666
2024-04-18,Lodgy,268
2024-04-18,Logan,664
2024-04-19,Dokker,476
2024-04-19,Duster,999
2024-04-19,Jogger,799
2024-04-19,Lodgy,314
2024-04-19,Logan,848
2024-04-20,Dokker,581
2024-04-20,Duster,999
2024-04-20,Jogger,944
2024-04-20,Lodgy,379
2024-04-20,Logan,813
2024-04-21,Dokker,321
2024-04-21,Duster,637
2024-04-21,Jogger,542
2024-04-21,Lodgy,214
2024-04-21,Logan,482
2024-04-22,Dokker,405
2024-04-22,Duster,765
2024-04-22,Jogger,711
2024-04-22,Lodgy,233
2024-04-22,Logan,627
2024-04-23,Dokker,346
2024-04-23,Duster,812
2024-04-23,Jogger,593
2024-04-23,Lodgy,212
2024-04-23,Logan,514
2024-04-24,Dokker,335
2024-04-24,Duster,894
2024-04-24,Jogger,616
2024-04-24,Lodgy,230
2024-04-24,Logan,597
2024-04-25,Dokker,376
2024-04-25,Duster,865
2024-04-25,Jogger,799
2024-04-25,Lodgy,268
2024-04-25,Logan,643
2024-04-26,Dokker,444
2024-04-26,Duster,999
2024-04-26,Jogger,824
2024-04-26,Lodgy,294
2024-04-26,Logan,818
2024-04-27,Dokker,508
2024-04-27,Duster,999
2024-04-27,Jogger,999
2024-04-27,Lodgy,371
2024-04-27,Logan,772
2024-04-28,Dokker,301
2024-04-28,Duster,641
2024-04-28,Jogger,513
2024-04-28,Lodgy,209
2024-04-28,Logan,520
2024-04-29,Dokker,381
2024-04-29,Duster,894
2024-04-29,Jogger,709
2024-04-29,Lodgy,230
2024-04-29,Logan,631
2024-04-30,Dokker,359
2024-04-30,Duster,712
2024-04-30,Jogger,619
2024-04-30,Lodgy,210
2024-04-30,Logan,590
2024-05-01,Dokker,335
2024-05-01,Duster,830
2024-05-01,Jogger,640
2024-05-01,Lodgy,252
2024-05-01,Logan,628
2024-05-02,Dokker,391
2024-05-02,Duster,944
2024-05-02,Jogger,799
2024-05-02,Lodgy,265
2024-05-02,Logan,639
2024-05-03,Dokker,492
2024-05-03,Duster,999
2024-05-03,Jogger,929
2024-05-03,Lodgy,315
2024-05-03,Logan,742
2024-05-04,Dokker,578
2024-05-04,Duster,999
2024-05-04,Jogger,899
2024-05-04,Lodgy,371
2024-05-04,Logan,765
2024-05-05,Dokker,323
2024-05-05,Duster,694
2024-05-05,Jogger,588
2024-05-05,Lodgy,179
2024-05-05,Logan,502
2024-05-06,Dokker,372
2024-05-06,Duster,882
2024-05-06,Jogger,635
2024-05-06,Lodgy,226
2024-05-06,Logan,633
2024-05-07,Dokker,361
2024-05-07,Duster,766
2024-05-07,Jogger,582
2024-05-07,Lodgy,227
2024-05-07,Logan,541
2024-05-08,Dokker,359
2024-05-08,Duster,851
2024-05-08,Jogger,617
2024-05-08,Lodgy,244
2024-05-08,Logan,604
2024-05-09,Dokker,447
2024-05-09,Duster,947
2024-05-09,Jogger,755
2024-05-09,Lodgy,282
2024-05-09,Logan,656
2024-05-10,Dokker,493
2024-05-10,Duster,999
2024-05-10,Jogger,834
2024-05-10,Lodgy,340
2024-05-10,Logan,813
2024-05-11,Dokker,586
2024-05-11,Duster,999
2024-05-11,Jogger,925
2024-05-11,Lodgy,330
2024-05-11,Logan,854
2024-05-12,Dokker,306
2024-05-12,Duster,631
2024-05-12,Jogger,507
2024-05-12,Lodgy,188
2024-05-12,Logan,486
2024-05-13,Dokker,365
2024-05-13,Duster,801
2024-05-13,Jogger,600
2024-05-13,Lodgy,231
2024-05-13,Logan,583
2024-05-14,Dokker,376
2024-05-14,Duster,730
2024-05-14,Jogger,657
2024-05-14,Lodgy,224
2024-05-14,Logan,502
2024-05-15,Dokker,397
2024-05-15,Duster,856
2024-05-15,Jogger,601
2024-05-15,Lodgy,215
2024-05-15,Logan,638
2024-05-16,Dokker,416
2024-05-16,Duster,875
2024-05-16,Jogger,730
2024-05-16,Lodgy,257
2024-05-16,Logan,624
2024-05-17,Dokker,471
2024-05-17,Duster,999
2024-05-17,Jogger,856
2024-05-17,Lodgy,340
2024-05-17,Logan,779
2024-05-18,Dokker,551
2024-05-18,Duster,999
2024-05-18,Jogger,959
2024-05-18,Lodgy,312
2024-05-18,Logan,901
2024-05-19,Dokker,303
2024-05-19,Duster,719
2024-05-19,Jogger,540
2024-05-19,Lodgy,194
2024-05-19,Logan,525
2024-05-20,Dokker,337
2024-05-20,Duster,759
2024-05-20,Jogger,642
2024-05-20,Lodgy,235
2024-05-20,Logan,588
2024-05-21,Dokker,369
2024-05-21,Duster,829
2024-05-21,Jogger,581
2024-05-21,Lodgy,231
2024-05-21,Logan,514
2024-05-22,Dokker,341
2024-05-22,Duster,798
2024-05-22,Jogger,644
2024-05-22,Lodgy,255
2024-05-22,Logan,543
2024-05-23,Dokker,401
2024-05-23,Duster,993
2024-05-23,Jogger,748
2024-05-23,Lodgy,286
2024-05-23,Logan,652
2024-05-24,Dokker,498
2024-05-24,Duster,999
2024-05-24,Jogger,883
2024-05-24,Lodgy,286
2024-05-24,Logan,803
2024-05-25,Dokker,554
2024-05-25,Duster,999
2024-05-25,Jogger,921
2024-05-25,Lodgy,344
2024-05-25,Logan,762
2024-05-26,Dokker,299
2024-05-26,Duster,710
2024-05-26,Jogger,576
2024-05-26,Lodgy,208
2024-05-26,Logan,516
2024-05-27,Dokker,357
2024-05-27,Duster,852
2024-05-27,Jogger,702
2024-05-27,Lodgy,230
2024-05-27,Logan,559
2024-05-28,Dokker,380
2024-05-28,Duster,728
2024-05-28,Jogger,621
2024-05-28,Lodgy,221
2024-05-28,Logan,558
2024-05-29,Dokker,391
2024-05-29,Duster,833
2024-05-29,Jogger,682
2024-05-29,Lodgy,247
2024-05-29,Logan,608
2024-05-30,Dokker,434
2024-05-30,Duster,994
2024-05-30,Jogger,798
2024-05-30,Lodgy,275
2024-05-30,Logan,654
2024-05-31,Dokker,441
2024-05-31,Duster,999
2024-05-31,Jogger,858
2024-05-31,Lodgy,290
2024-05-31,Logan,805
2024-06-01,Dokker,577
2024-06-01,Duster,999
2024-06-01,Jogger,878
2024-06-01,Lodgy,332
2024-06-01,Logan,799
2024-06-02,Dokker,301
2024-06-02,Duster,745
2024-06-02,Jogger,566
2024-06-02,Lodgy,213
2024-06-02,Logan,494
2024-06-03,Dokker,339
2024-06-03,Duster,824
2024-06-03,Jogger,653
2024-06-03,Lodgy,235
2024-06-03,Logan,626
2024-06-04,Dokker,361
2024-06-04,Duster,781
2024-06-04,Jogger,582
2024-06-04,Lodgy,240
2024-06-04,Logan,538
2024-06-05,Dokker,348
2024-06-05,Duster,873
2024-06-05,Jogger,733
2024-06-05,Lodgy,212
2024-06-05,Logan,606
2024-06-06,Dokker,402
2024-06-06,Duster,999
2024-06-06,Jogger,791
2024-06-06,Lodgy,266
2024-06-06,Logan,610
2024-06-07,Dokker,497
2024-06-07,Duster,999
2024-06-07,Jogger,876
2024-06-07,Lodgy,301
2024-06-07,Logan,770
2024-06-08,Dokker,520
2024-06-08,Duster,999
2024-06-08,Jogger,951
2024-06-08,Lodgy,328
2024-06-08,Logan,820
2024-06-09,Dokker,301
2024-06-09,Duster,653
2024-06-09,Jogger,556
2024-06-09,Lodgy,189
2024-06-09,Logan,456
2024-06-10,Dokker,403
2024-06-10,Duster,783
2024-06-10,Jogger,717
2024-06-10,Lodgy,227
2024-06-10,Logan,595
2024-06-11,Dokker,353
2024-06-11,Duster,724
2024-06-11,Jogger,599
2024-06-11,Lodgy,215
2024-06-11,Logan,555
2024-06-12,Dokker,357
2024-06-12,Duster,824
2024-06-12,Jogger,655
2024-06-12,Lodgy,233
2024-06-12,Logan,534
2024-06-13,Dokker,402
2024-06-13,Duster,999
2024-06-13,Jogger,737
2024-06-13,Lodgy,271
2024-06-13,Logan,603
2024-06-14,Dokker,530
2024-06-14,Duster,999
2024-06-14,Jogger,884
2024-06-14,Lodgy,316
2024-06-14,Logan,845
2024-06-15,Dokker,574
2024-06-15,Duster,999
2024-06-15,Jogger,999
2024-06-15,Lodgy,368
2024-06-15,Logan,850
2024-06-16,Dokker,275
2024-06-16,Duster,764
2024-06-16,Jogger,509
2024-06-16,Lodgy,203
2024-06-16,Logan,447
2024-06-17,Dokker,351
2024-06-17,Duster,906
2024-06-17,Jogger,632
2024-06-17,Lodgy,246
2024-06-17,Logan,638
2024-06-18,Dokker,340
2024-06-18,Duster,781
2024-06-18,Jogger,697
2024-06-18,Lodgy,207
2024-06-18,Logan,601
2024-06-19,Dokker,355
2024-06-19,Duster,780
2024-06-19,Jogger,637
2024-06-19,Lodgy,238
2024-06-19,Logan,572
2024-06-20,Dokker,408
2024-06-20,Duster,850
2024-06-20,Jogger,738
2024-06-20,Lodgy,266
2024-06-20,Logan,676
2024-06-21,Dokker,473
2024-06-21,Duster,999
2024-06-21,Jogger,907
2024-06-21,Lodgy,302
2024-06-21,Logan,748
2024-06-22,Dokker,530
2024-06-22,Duster,999
2024-06-22,Jogger,999
2024-06-22,Lodgy,317
2024-06-22,Logan,856
2024-06-23,Dokker,330
2024-06-23,Duster,757
2024-06-23,Jogger,602
2024-06-23,Lodgy,187
2024-06-23,Logan,455
2024-06-24,Dokker,358
2024-06-24,Duster,904
2024-06-24,Jogger,701
2024-06-24,Lodgy,219
2024-06-24,Logan,577
2024-06-25,Dokker,318
2024-06-25,Duster,795
2024-06-25,Jogger,597
2024-06-25,Lodgy,207
2024-06-25,Logan,548
2024-06-26,Dokker,384
2024-06-26,Duster,786
2024-06-26,Jogger,721
2024-06-26,Lodgy,217
2024-06-26,Logan,587
2024-06-27,Dokker,420
2024-06-27,Duster,873
2024-06-27,Jogger,727
2024-06-27,Lodgy,264
2024-06-27,Logan,623
2024-06-28,Dokker,490
2024-06-28,Duster,999
2024-06-28,Jogger,883
2024-06-28,Lodgy,319
2024-06-28,Logan,752
2024-06-29,Dokker,562
2024-06-29,Duster,999
2024-06-29,Jogger,949
2024-06-29,Lodgy,316
2024-06-29,Logan,781
2024-06-30,Dokker,321
2024-06-30,Duster,664
2024-06-30,Jogger,514
2024-06-30,Lodgy,184
2024-06-30,Logan,498
2024-07-01,Dokker,342
2024-07-01,Duster,925
2024-07-01,Jogger,761
2024-07-01,Lodgy,258
2024-07-01,Logan,579
2024-07-02,Dokker,342
2024-07-02,Duster,893
2024-07-02,Jogger,646
2024-07-02,Lodgy,243
2024-07-02,Logan,509
2024-07-03,Dokker,338
2024-07-03,Duster,891
2024-07-03,Jogger,716
2024-07-03,Lodgy,241
2024-07-03,Logan,606
2024-07-04,Dokker,395
2024-07-04,Duster,934
2024-07-04,Jogger,737
2024-07-04,Lodgy,260
2024-07-04,Logan,609
2024-07-05,Dokker,520
2024-07-05,Duster,999
2024-07-05,Jogger,970
2024-07-05,Lodgy,325
2024-07-05,Logan,801
2024-07-06,Dokker,497
2024-07-06,Duster,999
2024-07-06,Jogger,999
2024-07-06,Lodgy,320
2024-07-06,Logan,902
2024-07-07,Dokker,329
2024-07-07,Duster,660
2024-07-07,Jogger,606
2024-07-07,Lodgy,204
2024-07-07,Logan,517
2024-07-08,Dokker,352
2024-07-08,Duster,841
2024-07-08,Jogger,679
2024-07-08,Lodgy,251
2024-07-08,Logan,652
2024-07-09,Dokker,335
2024-07-09,Duster,814
2024-07-09,Jogger,652
2024-07-09,Lodgy,205
2024-07-09,Logan,555
2024-07-10,Dokker,390
2024-07-10,Duster,822
2024-07-10,Jogger,641
2024-07-10,Lodgy,216
2024-07-10,Logan,585
2024-07-11,Dokker,401
2024-07-11,Duster,999
2024-07-11,Jogger,717
2024-07-11,Lodgy,241
2024-07-11,Logan,683
2024-07-12,Dokker,479
2024-07-12,Duster,999
2024-07-12,Jogger,964
2024-07-12,Lodgy,327
2024-07-12,Logan,871
2024-07-13,Dokker,572
2024-07-13,Duster,999
2024-07-13,Jogger,996
2024-07-13,Lodgy,350
2024-07-13,Logan,799
2024-07-14,Dokker,313
2024-07-14,Duster,768
2024-07-14,Jogger,532
2024-07-14,Lodgy,179
2024-07-14,Logan,450
2024-07-15,Dokker,408
2024-07-15,Duster,861
2024-07-15,Jogger,744
2024-07-15,Lodgy,228
2024-07-15,Logan,545
2024-07-16,Dokker,289
2024-07-16,Duster,721
2024-07-16,Jogger,484
2024-07-16,Lodgy,168
2024-07-16,Logan,461
2024-07-17,Dokker,283
2024-07-17,Duster,731
2024-07-17,Jogger,609
2024-07-17,Lodgy,179
2024-07-17,Logan,447
2024-07-18,Dokker,340
2024-07-18,Duster,842
2024-07-18,Jogger,678
2024-07-18,Lodgy,201
2024-07-18,Logan,562
2024-07-19,Dokker,422
2024-07-19,Duster,880
2024-07-19,Jogger,698
2024-07-19,Lodgy,230
2024-07-19,Logan,694
2024-07-20,Dokker,437
2024-07-20,Duster,999
2024-07-20,Jogger,884
2024-07-20,Lodgy,251
2024-07-20,Logan,657
2024-07-21,Dokker,243
2024-07-21,Duster,605
2024-07-21,Jogger,493
2024-07-21,Lodgy,162
2024-07-21,Logan,375
2024-07-22,Dokker,284
2024-07-22,Duster,721
2024-07-22,Jogger,557
2024-07-22,Lodgy,177
2024-07-22,Logan,484
2024-07-23,Dokker,306
2024-07-23,Duster,669
2024-07-23,Jogger,530
2024-07-23,Lodgy,168
2024-07-23,Logan,464
2024-07-24,Dokker,301
2024-07-24,Duster,757
2024-07-24,Jogger,528
2024-07-24,Lodgy,176
2024-07-24,Logan,447
2024-07-25,Dokker,352
2024-07-25,Duster,837
2024-07-25,Jogger,577
2024-07-25,Lodgy,195
2024-07-25,Logan,558
2024-07-26,Dokker,417
2024-07-26,Duster,964
2024-07-26,Jogger,809
2024-07-26,Lodgy,247
2024-07-26,Logan,624
2024-07-27,Dokker,456
2024-07-27,Duster,999
2024-07-27,Jogger,880
2024-07-27,Lodgy,262
2024-07-27,Logan,643
2024-07-28,Dokker,252
2024-07-28,Duster,608
2024-07-28,Jogger,445
2024-07-28,Lodgy,158
2024-07-28,Logan,438
2024-07-29,Dokker,279
2024-07-29,Duster,731
2024-07-29,Jogger,535
2024-07-29,Lodgy,170
2024-07-29,Logan,458
2024-07-30,Dokker,283
2024-07-30,Duster,679
2024-07-30,Jogger,564
2024-07-30,Lodgy,182
2024-07-30,Logan,431
2024-07-31,Dokker,319
2024-07-31,Duster,698
2024-07-31,Jogger,558
2024-07-31,Lodgy,200
2024-07-31,Logan,487
2024-08-01,Dokker,322
2024-08-01,Duster,797
2024-08-01,Jogger,668
2024-08-01,Lodgy,205
2024-08-01,Logan,566
2024-08-02,Dokker,387
2024-08-02,Duster,948
2024-08-02,Jogger,709
2024-08-02,Lodgy,223
2024-08-02,Logan,693
2024-08-03,Dokker,408
2024-08-03,Duster,999
2024-08-03,Jogger,889
2024-08-03,Lodgy,290
2024-08-03,Logan,746
2024-08-04,Dokker,265
2024-08-04,Duster,626
2024-08-04,Jogger,425
2024-08-04,Lodgy,144
2024-08-04,Logan,400
2024-08-05,Dokker,269
2024-08-05,Duster,735
2024-08-05,Jogger,599
2024-08-05,Lodgy,170
2024-08-05,Logan,446
2024-08-06,Dokker,263
2024-08-06,Duster,620
2024-08-06,Jogger,508
2024-08-06,Lodgy,161
2024-08-06,Logan,436
2024-08-07,Dokker,317
2024-08-07,Duster,662
2024-08-07,Jogger,573
2024-08-07,Lodgy,183
2024-08-07,Logan,484
2024-08-08,Dokker,346
2024-08-08,Duster,806
2024-08-08,Jogger,637
2024-08-08,Lodgy,184
2024-08-08,Logan,579
2024-08-09,Dokker,433
2024-08-09,Duster,984
2024-08-09,Jogger,759
2024-08-09,Lodgy,245
2024-08-09,Logan,648
2024-08-10,Dokker,458
2024-08-10,Duster,999
2024-08-10,Jogger,743
2024-08-10,Lodgy,248
2024-08-10,Logan,681
2024-08-11,Dokker,271
2024-08-11,Duster,560
2024-08-11,Jogger,496
2024-08-11,Lodgy,138
2024-08-11,Logan,376
2024-08-12,Dokker,279
2024-08-12,Duster,649
2024-08-12,Jogger,611
2024-08-12,Lodgy,201
2024-08-12,Logan,459
2024-08-13,Dokker,266
2024-08-13,Duster,630
2024-08-13,Jogger,581
2024-08-13,Lodgy,159
2024-08-13,Logan,418
2024-08-14,Dokker,292
2024-08-14,Duster,643
2024-08-14,Jogger,605
2024-08-14,Lodgy,193
2024-08-14,Logan,525
2024-08-15,Dokker,347
2024-08-15,Duster,779
2024-08-15,Jogger,577
2024-08-15,Lodgy,191
2024-08-15,Logan,525
2024-08-16,Dokker,405
2024-08-16,Duster,999
2024-08-16,Jogger,719
2024-08-16,Lodgy,223
2024-08-16,Logan,667
2024-08-17,Dokker,470
2024-08-17,Duster,999
2024-08-17,Jogger,769
2024-08-17,Lodgy,254
2024-08-17,Logan,689
2024-08-18,Dokker,258
2024-08-18,Duster,593
2024-08-18,Jogger,501
2024-08-18,Lodgy,153
2024-08-18,Logan,394
2024-08-19,Dokker,278
2024-08-19,Duster,740
2024-08-19,Jogger,567
2024-08-19,Lodgy,200
2024-08-19,Logan,457
2024-08-20,Dokker,288
2024-08-20,Duster,619
2024-08-20,Jogger,491
2024-08-20,Lodgy,190
2024-08-20,Logan,474
2024-08-21,Dokker,269
2024-08-21,Duster,708
2024-08-21,Jogger,557
2024-08-21,Lodgy,199
2024-08-21,Logan,453
2024-08-22,Dokker,321
2024-08-22,Duster,845
2024-08-22,Jogger,630
2024-08-22,Lodgy,190
2024-08-22,Logan,544
2024-08-23,Dokker,404
2024-08-23,Duster,988
2024-08-23,Jogger,778
2024-08-23,Lodgy,261
2024-08-23,Logan,613
2024-08-24,Dokker,388
2024-08-24,Duster,999
2024-08-24,Jogger,865
2024-08-24,Lodgy,271
2024-08-24,Logan,666
2024-08-25,Dokker,269
2024-08-25,Duster,635
2024-08-25,Jogger,518
2024-08-25,Lodgy,147
2024-08-25,Logan,403
2024-08-26,Dokker,311
2024-08-26,Duster,653
2024-08-26,Jogger,560
2024-08-26,Lodgy,199
2024-08-26,Logan,453
2024-08-27,Dokker,257
2024-08-27,Duster,618
2024-08-27,Jogger,541
2024-08-27,Lodgy,174
2024-08-27,Logan,477
2024-08-28,Dokker,274
2024-08-28,Duster,699
2024-08-28,Jogger,562
2024-08-28,Lodgy,185
2024-08-28,Logan,445
2024-08-29,Dokker,327
2024-08-29,Duster,784
2024-08-29,Jogger,682
2024-08-29,Lodgy,202
2024-08-29,Logan,519
2024-08-30,Dokker,422
2024-08-30,Duster,999
2024-08-30,Jogger,777
2024-08-30,Lodgy,248
2024-08-30,Logan,633
2024-08-31,Dokker,398
2024-08-31,Duster,999
2024-08-31,Jogger,872
2024-08-31,Lodgy,239
2024-08-31,Logan,763
2024-09-01,Dokker,254
2024-09-01,Duster,628
2024-09-01,Jogger,475
2024-09-01,Lodgy,166
2024-09-01,Logan,381
2024-09-02,Dokker,311
2024-09-02,Duster,659
2024-09-02,Jogger,595
2024-09-02,Lodgy,175
2024-09-02,Logan,484
2024-09-03,Dokker,279
2024-09-03,Duster,604
2024-09-03,Jogger,553
2024-09-03,Lodgy,172
2024-09-03,Logan,415
2024-09-04,Dokker,275
2024-09-04,Duster,698
2024-09-04,Jogger,543
2024-09-04,Lodgy,179
2024-09-04,Logan,458
2024-09-05,Dokker,333
2024-09-05,Duster,722
2024-09-05,Jogger,698
2024-09-05,Lodgy,209
2024-09-05,Logan,533
2024-09-06,Dokker,426
2024-09-06,Duster,875
2024-09-06,Jogger,691
2024-09-06,Lodgy,225
2024-09-06,Logan,674
2024-09-07,Dokker,448
2024-09-07,Duster,999
2024-09-07,Jogger,761
2024-09-07,Lodgy,283
2024-09-07,Logan,707
2024-09-08,Dokker,222
2024-09-08,Duster,540
2024-09-08,Jogger,507
2024-09-08,Lodgy,153
2024-09-08,Logan,436
2024-09-09,Dokker,302
2024-09-09,Duster,776
2024-09-09,Jogger,622
2024-09-09,Lodgy,170
2024-09-09,Logan,512
2024-09-10,Dokker,261
2024-09-10,Duster,629
2024-09-10,Jogger,557
2024-09-10,Lodgy,185
2024-09-10,Logan,442
2024-09-11,Dokker,325
2024-09-11,Duster,721
2024-09-11,Jogger,631
2024-09-11,Lodgy,189
2024-09-11,Logan,525
2024-09-12,Dokker,333
2024-09-12,Duster,793
2024-09-12,Jogger,585
2024-09-12,Lodgy,197
2024-09-12,Logan,560
2024-09-13,Dokker,415
2024-09-13,Duster,962
2024-09-13,Jogger,784
2024-09-13,Lodgy,223
2024-09-13,Logan,593
2024-09-14,Dokker,470
2024-09-14,Duster,999
2024-09-14,Jogger,770
2024-09-14,Lodgy,248
2024-09-14,Logan,728
2024-09-15,Dokker,226
2024-09-15,Duster,581
2024-09-15,Jogger,475
2024-09-15,Lodgy,146
2024-09-15,Logan,412
2024-09-16,Dokker,323
2024-09-16,Duster,713
2024-09-16,Jogger,601
2024-09-16,Lodgy,180
2024-09-16,Logan,489
2024-09-17,Dokker,284
2024-09-17,Duster,695
2024-09-17,Jogger,491
2024-09-17,Lodgy,156
2024-09-17,Logan,494
2024-09-18,Dokker,323
2024-09-18,Duster,769
2024-09-18,Jogger,594
2024-09-18,Lodgy,178
2024-09-18,Logan,496
2024-09-19,Dokker,357
2024-09-19,Duster,806
2024-09-19,Jogger,634
2024-09-19,Lodgy,192
2024-09-19,Logan,500
2024-09-20,Dokker,398
2024-09-20,Duster,999
2024-09-20,Jogger,840
2024-09-20,Lodgy,239
2024-09-20,Logan,645
2024-09-21,Dokker,414
2024-09-21,Duster,999
2024-09-21,Jogger,891
2024-09-21,Lodgy,253
2024-09-21,Logan,686
2024-09-22,Dokker,224
2024-09-22,Duster,585
2024-09-22,Jogger,523
2024-09-22,Lodgy,145
2024-09-22,Logan,423
2024-09-23,Dokker,274
2024-09-23,Duster,666
2024-09-23,Jogger,582
2024-09-23,Lodgy,187
2024-09-23,Logan,450
2024-09-24,Dokker,261
2024-09-24,Duster,679
2024-09-24,Jogger,500
2024-09-24,Lodgy,182
2024-09-24,Logan,458
2024-09-25,Dokker,280
2024-09-25,Duster,778
2024-09-25,Jogger,613
2024-09-25,Lodgy,184
2024-09-25,Logan,446
2024-09-26,Dokker,351
2024-09-26,Duster,794
2024-09-26,Jogger,668
2024-09-26,Lodgy,193
2024-09-26,Logan,539
2024-09-27,Dokker,357
2024-09-27,Duster,964
2024-09-27,Jogger,706
2024-09-27,Lodgy,229
2024-09-27,Logan,657
2024-09-28,Dokker,467
2024-09-28,Duster,999
2024-09-28,Jogger,853
2024-09-28,Lodgy,262
2024-09-28,Logan,658
2024-09-29,Dokker,234
2024-09-29,Duster,607
2024-09-29,Jogger,511
2024-09-29,Lodgy,151
2024-09-29,Logan,417
2024-09-30,Dokker,322
2024-09-30,Duster,683
2024-09-30,Jogger,589
2024-09-30,Lodgy,177
2024-09-30,Logan,475
2024-10-01,Dokker,322
2024-10-01,Duster,872
2024-10-01,Jogger,717
2024-10-01,Lodgy,209
2024-10-01,Logan,543
2024-10-02,Dokker,406
2024-10-02,Duster,873
2024-10-02,Jogger,782
2024-10-02,Lodgy,251
2024-10-02,Logan,667
2024-10-03,Dokker,438
2024-10-03,Duster,999
2024-10-03,Jogger,897
2024-10-03,Lodgy,233
2024-10-03,Logan,717
2024-10-04,Dokker,478
2024-10-04,Duster,999
2024-10-04,Jogger,999
2024-10-04,Lodgy,324
2024-10-04,Logan,754
2024-10-05,Dokker,553
2024-10-05,Duster,999
2024-10-05,Jogger,999
2024-10-05,Lodgy,326
2024-10-05,Logan,925
2024-10-06,Dokker,327
2024-10-06,Duster,689
2024-10-06,Jogger,653
2024-10-06,Lodgy,208
2024-10-06,Logan,552
2024-10-07,Dokker,350
2024-10-07,Duster,899
2024-10-07,Jogger,673
2024-10-07,Lodgy,210
2024-10-07,Logan,594
2024-10-08,Dokker,365
2024-10-08,Duster,794
2024-10-08,Jogger,674
2024-10-08,Lodgy,209
2024-10-08,Logan,569
2024-10-09,Dokker,411
2024-10-09,Duster,946
2024-10-09,Jogger,712
2024-10-09,Lodgy,235
2024-10-09,Logan,616
2024-10-10,Dokker,408
2024-10-10,Duster,999
2024-10-10,Jogger,819
2024-10-10,Lodgy,243
2024-10-10,Logan,699
2024-10-11,Dokker,532
2024-10-11,Duster,999
2024-10-11,Jogger,999
2024-10-11,Lodgy,326
2024-10-11,Logan,840
2024-10-12,Dokker,584
2024-10-12,Duster,999
2024-10-12,Jogger,999
2024-10-12,Lodgy,300
2024-10-12,Logan,809
2024-10-13,Dokker,284
2024-10-13,Duster,719
2024-10-13,Jogger,676
2024-10-13,Lodgy,196
2024-10-13,Logan,515
2024-10-14,Dokker,357
2024-10-14,Duster,976
2024-10-14,Jogger,698
2024-10-14,Lodgy,232
2024-10-14,Logan,592
2024-10-15,Dokker,367
2024-10-15,Duster,879
2024-10-15,Jogger,704
2024-10-15,Lodgy,208
2024-10-15,Logan,597
2024-10-16,Dokker,389
2024-10-16,Duster,832
2024-10-16,Jogger,784
2024-10-16,Lodgy,213
2024-10-16,Logan,668
2024-10-17,Dokker,436
2024-10-17,Duster,999
2024-10-17,Jogger,798
2024-10-17,Lodgy,239
2024-10-17,Logan,710
2024-10-18,Dokker,496
2024-10-18,Duster,999
2024-10-18,Jogger,999
2024-10-18,Lodgy,272
2024-10-18,Logan,835
2024-10-19,Dokker,562
2024-10-19,Duster,999
2024-10-19,Jogger,988
2024-10-19,Lodgy,305
2024-10-19,Logan,884
2024-10-20,Dokker,337
2024-10-20,Duster,809
2024-10-20,Jogger,613
2024-10-20,Lodgy,176
2024-10-20,Logan,551
2024-10-21,Dokker,369
2024-10-21,Duster,921
2024-10-21,Jogger,761
2024-10-21,Lodgy,212
2024-10-21,Logan,677
2024-10-22,Dokker,367
2024-10-22,Duster,923
2024-10-22,Jogger,777
2024-10-22,Lodgy,230
2024-10-22,Logan,598
2024-10-23,Dokker,383
2024-10-23,Duster,999
2024-10-23,Jogger,742
2024-10-23,Lodgy,226
2024-10-23,Logan,587
2024-10-24,Dokker,393
2024-10-24,Duster,946
2024-10-24,Jogger,785
2024-10-24,Lodgy,232
2024-10-24,Logan,753
2024-10-25,Dokker,544
2024-10-25,Duster,999
2024-10-25,Jogger,999
2024-10-25,Lodgy,294
2024-10-25,Logan,899
2024-10-26,Dokker,584
2024-10-26,Duster,999
2024-10-26,Jogger,999
2024-10-26,Lodgy,355
2024-10-26,Logan,984
2024-10-27,Dokker,312
2024-10-27,Duster,741
2024-10-27,Jogger,604
2024-10-27,Lodgy,183
2024-10-27,Logan,529
2024-10-28,Dokker,383
2024-10-28,Duster,933
2024-10-28,Jogger,798
2024-10-28,Lodgy,244
2024-10-28,Logan,572
2024-10-29,Dokker,347
2024-10-29,Duster,836
2024-10-29,Jogger,670
2024-10-29,Lodgy,232
2024-10-29,Logan,585
2024-10-30,Dokker,400
2024-10-30,Duster,999
2024-10-30,Jogger,800
2024-10-30,Lodgy,238
2024-10-30,Logan,595
2024-10-31,Dokker,438
2024-10-31,Duster,999
2024-10-31,Jogger,899
2024-10-31,Lodgy,229
2024-10-31,Logan,730
2024-11-01,Dokker,464
2024-11-01,Duster,999
2024-11-01,Jogger,995
2024-11-01,Lodgy,311
2024-11-01,Logan,750
2024-11-02,Dokker,566
2024-11-02,Duster,999
2024-11-02,Jogger,999
2024-11-02,Lodgy,353
2024-11-02,Logan,883
2024-11-03,Dokker,297
2024-11-03,Duster,780
2024-11-03,Jogger,621
2024-11-03,Lodgy,179
2024-11-03,Logan,553
2024-11-04,Dokker,399
2024-11-04,Duster,974
2024-11-04,Jogger,777
2024-11-04,Lodgy,216
2024-11-04,Logan,590
2024-11-05,Dokker,319
2024-11-05,Duster,951
2024-11-05,Jogger,722
2024-11-05,Lodgy,209
2024-11-05,Logan,615
2024-11-06,Dokker,393
2024-11-06,Duster,941
2024-11-06,Jogger,806
2024-11-06,Lodgy,206
2024-11-06,Logan,680
2024-11-07,Dokker,432
2024-11-07,Duster,999
2024-11-07,Jogger,829
2024-11-07,Lodgy,248
2024-11-07,Logan,660
2024-11-08,Dokker,471
2024-11-08,Duster,999
2024-11-08,Jogger,999
2024-11-08,Lodgy,310
2024-11-08,Logan,889
2024-11-09,Dokker,543
2024-11-09,Duster,999
2024-11-09,Jogger,999
2024-11-09,Lodgy,323
2024-11-09,Logan,887
2024-11-10,Dokker,336
2024-11-10,Duster,751
2024-11-10,Jogger,665
2024-11-10,Lodgy,200
2024-11-10,Logan,516
2024-11-11,Dokker,380
2024-11-11,Duster,859
2024-11-11,Jogger,817
2024-11-11,Lodgy,204
2024-11-11,Logan,658
2024-11-12,Dokker,348
2024-11-12,Duster,899
2024-11-12,Jogger,767
2024-11-12,Lodgy,231
2024-11-12,Logan,566
2024-11-13,Dokker,357
2024-11-13,Duster,954
2024-11-13,Jogger,789
2024-11-13,Lodgy,229
2024-11-13,Logan,671
2024-11-14,Dokker,439
2024-11-14,Duster,999
2024-11-14,Jogger,894
2024-11-14,Lodgy,242
2024-11-14,Logan,758
2024-11-15,Dokker,542
2024-11-15,Duster,999
2024-11-15,Jogger,999
2024-11-15,Lodgy,327
2024-11-15,Logan,753
2024-11-16,Dokker,557
2024-11-16,Duster,999
2024-11-16,Jogger,999
2024-11-16,Lodgy,328
2024-11-16,Logan,855
2024-11-17,Dokker,308
2024-11-17,Duster,850
2024-11-17,Jogger,636
2024-11-17,Lodgy,174
2024-11-17,Logan,491
2024-11-18,Dokker,395
2024-11-18,Duster,902
2024-11-18,Jogger,814
2024-11-18,Lodgy,201
2024-11-18,Logan,671
2024-11-19,Dokker,319
2024-11-19,Duster,849
2024-11-19,Jogger,764
2024-11-19,Lodgy,221
2024-11-19,Logan,615
2024-11-20,Dokker,359
2024-11-20,Duster,857
2024-11-20,Jogger,820
2024-11-20,Lodgy,239
2024-11-20,Logan,561
2024-11-21,Dokker,403
2024-11-21,Duster,999
2024-11-21,Jogger,923
2024-11-21,Lodgy,255
2024-11-21,Logan,698
2024-11-22,Dokker,498
2024-11-22,Duster,999
2024-11-22,Jogger,999
2024-11-22,Lodgy,269
2024-11-22,Logan,783
2024-11-23,Dokker,546
2024-11-23,Duster,999
2024-11-23,Jogger,999
2024-11-23,Lodgy,346
2024-11-23,Logan,847
2024-11-24,Dokker,314
2024-11-24,Duster,768
2024-11-24,Jogger,674
2024-11-24,Lodgy,185
2024-11-24,Logan,533
2024-11-25,Dokker,402
2024-11-25,Duster,840
2024-11-25,Jogger,731
2024-11-25,Lodgy,199
2024-11-25,Logan,655
2024-11-26,Dokker,341
2024-11-26,Duster,814
2024-11-26,Jogger,769
2024-11-26,Lodgy,214
2024-11-26,Logan,546
2024-11-27,Dokker,394
2024-11-27,Duster,944
2024-11-27,Jogger,827
2024-11-27,Lodgy,243
2024-11-27,Logan,632
2024-11-28,Dokker,390
2024-11-28,Duster,999
2024-11-28,Jogger,851
2024-11-28,Lodgy,255
2024-11-28,Logan,742
2024-11-29,Dokker,475
2024-11-29,Duster,999
2024-11-29,Jogger,999
2024-11-29,Lodgy,271
2024-11-29,Logan,755
2024-11-30,Dokker,528
2024-11-30,Duster,999
2024-11-30,Jogger,999
2024-11-30,Lodgy,297
2024-11-30,Logan,851
2024-12-01,Dokker,305
2024-12-01,Duster,754
2024-12-01,Jogger,620
2024-12-01,Lodgy,170
2024-12-01,Logan,554
2024-12-02,Dokker,386
2024-12-02,Duster,865
2024-12-02,Jogger,777
2024-12-02,Lodgy,212
2024-12-02,Logan,584
2024-12-03,Dokker,320
2024-12-03,Duster,857
2024-12-03,Jogger,725
2024-12-03,Lodgy,225
2024-12-03,Logan,647
2024-12-04,Dokker,401
2024-12-04,Duster,901
2024-12-04,Jogger,799
2024-12-04,Lodgy,225
2024-12-04,Logan,675
2024-12-05,Dokker,412
2024-12-05,Duster,999
2024-12-05,Jogger,872
2024-12-05,Lodgy,251
2024-12-05,Logan,673
2024-12-06,Dokker,523
2024-12-06,Duster,999
2024-12-06,Jogger,999
2024-12-06,Lodgy,304
2024-12-06,Logan,848
2024-12-07,Dokker,558
2024-12-07,Duster,999
2024-12-07,Jogger,999
2024-12-07,Lodgy,319
2024-12-07,Logan,972
2024-12-08,Dokker,340
2024-12-08,Duster,785
2024-12-08,Jogger,609
2024-12-08,Lodgy,190
2024-12-08,Logan,528
2024-12-09,Dokker,383
2024-12-09,Duster,913
2024-12-09,Jogger,789
2024-12-09,Lodgy,227
2024-12-09,Logan,625
2024-12-10,Dokker,366
2024-12-10,Duster,954
2024-12-10,Jogger,659
2024-12-10,Lodgy,219
2024-12-10,Logan,613
2024-12-11,Dokker,365
2024-12-11,Duster,917
2024-12-11,Jogger,834
2024-12-11,Lodgy,238
2024-12-11,Logan,574
2024-12-12,Dokker,402
2024-12-12,Duster,999
2024-12-12,Jogger,842
2024-12-12,Lodgy,252
2024-12-12,Logan,669
2024-12-13,Dokker,514
2024-12-13,Duster,999
2024-12-13,Jogger,999
2024-12-13,Lodgy,296
2024-12-13,Logan,806
2024-12-14,Dokker,551
2024-12-14,Duster,999
2024-12-14,Jogger,999
2024-12-14,Lodgy,308
2024-12-14,Logan,920
2024-12-15,Dokker,368
2024-12-15,Duster,999
2024-12-15,Jogger,806
2024-12-15,Lodgy,232
2024-12-15,Logan,717
2024-12-16,Dokker,464
2024-12-16,Duster,999
2024-12-16,Jogger,999
2024-12-16,Lodgy,258
2024-12-16,Logan,826
2024-12-17,Dokker,433
2024-12-17,Duster,999
2024-12-17,Jogger,999
2024-12-17,Lodgy,283
2024-12-17,Logan,702
2024-12-18,Dokker,496
2024-12-18,Duster,999
2024-12-18,Jogger,925
2024-12-18,Lodgy,266
2024-12-18,Logan,801
2024-12-19,Dokker,586
2024-12-19,Duster,999
2024-12-19,Jogger,999
2024-12-19,Lodgy,314
2024-12-19,Logan,917
2024-12-20,Dokker,597
2024-12-20,Duster,999
2024-12-20,Jogger,999
2024-12-20,Lodgy,364
2024-12-20,Logan,999
2024-12-21,Dokker,659
2024-12-21,Duster,999
2024-12-21,Jogger,999
2024-12-21,Lodgy,378
2024-12-21,Logan,999
2024-12-22,Dokker,408
2024-12-22,Duster,999
2024-12-22,Jogger,820
2024-12-22,Lodgy,256
2024-12-22,Logan,696
2024-12-23,Dokker,496
2024-12-23,Duster,999
2024-12-23,Jogger,999
2024-12-23,Lodgy,266
2024-12-23,Logan,856
2024-12-24,Dokker,423
2024-12-24,Duster,999
2024-12-24,Jogger,962
2024-12-24,Lodgy,291
2024-12-24,Logan,731
2024-12-25,Dokker,526
2024-12-25,Duster,999
2024-12-25,Jogger,999
2024-12-25,Lodgy,297
2024-12-25,Logan,785
2024-12-26,Dokker,504
2024-12-26,Duster,999
2024-12-26,Jogger,999
2024-12-26,Lodgy,319
2024-12-26,Logan,976
2024-12-27,Dokker,698
2024-12-27,Duster,999
2024-12-27,Jogger,999
2024-12-27,Lodgy,410
2024-12-27,Logan,999
2024-12-28,Dokker,749
2024-12-28,Duster,999
2024-12-28,Jogger,999
2024-12-28,Lodgy,434
2024-12-28,Logan,999
2024-12-29,Dokker,403
2024-12-29,Duster,991
2024-12-29,Jogger,807
2024-12-29,Lodgy,230
2024-12-29,Logan,639
2024-12-30,Dokker,457
2024-12-30,Duster,999
2024-12-30,Jogger,992
2024-12-30,Lodgy,254
2024-12-30,Logan,826
2024-12-31,Dokker,431
2024-12-31,Duster,999
2024-12-31,Jogger,867
2024-12-31,Lodgy,243
2024-12-31,Logan,739
2025-01-01,Dokker,340
2025-01-01,Duster,819
2025-01-01,Jogger,744
2025-01-01,Lodgy,210
2025-01-01,Logan,619
2025-01-02,Dokker,430
2025-01-02,Duster,999
2025-01-02,Jogger,795
2025-01-02,Lodgy,233
2025-01-02,Logan,668
2025-01-03,Dokker,518
2025-01-03,Duster,999
2025-01-03,Jogger,991
2025-01-03,Lodgy,255
2025-01-03,Logan,820
2025-01-04,Dokker,540
2025-01-04,Duster,999
2025-01-04,Jogger,986
2025-01-04,Lodgy,318
2025-01-04,Logan,912
2025-01-05,Dokker,282
2025-01-05,Duster,699
2025-01-05,Jogger,621
2025-01-05,Lodgy,186
2025-01-05,Logan,519
2025-01-06,Dokker,329
2025-01-06,Duster,970
2025-01-06,Jogger,722
2025-01-06,Lodgy,226
2025-01-06,Logan,543
2025-01-07,Dokker,357
2025-01-07,Duster,823
2025-01-07,Jogger,733
2025-01-07,Lodgy,213
2025-01-07,Logan,584
2025-01-08,Dokker,377
2025-01-08,Duster,818
2025-01-08,Jogger,751
2025-01-08,Lodgy,209
2025-01-08,Logan,619
2025-01-09,Dokker,406
2025-01-09,Duster,959
2025-01-09,Jogger,910
2025-01-09,Lodgy,222
2025-01-09,Logan,688
2025-01-10,Dokker,521
2025-01-10,Duster,999
2025-01-10,Jogger,999
2025-01-10,Lodgy,303
2025-01-10,Logan,855
2025-01-11,Dokker,432
2025-01-11,Duster,999
2025-01-11,Jogger,761
2025-01-11,Lodgy,235
2025-01-11,Logan,675
2025-01-12,Dokker,251
2025-01-12,Duster,529
2025-01-12,Jogger,515
2025-01-12,Lodgy,139
2025-01-12,Logan,358
2025-01-13,Dokker,276
2025-01-13,Duster,706
2025-01-13,Jogger,550
2025-01-13,Lodgy,157
2025-01-13,Logan,503
2025-01-14,Dokker,283
2025-01-14,Duster,607
2025-01-14,Jogger,527
2025-01-14,Lodgy,159
2025-01-14,Logan,431
2025-01-15,Dokker,275
2025-01-15,Duster,720
2025-01-15,Jogger,599
2025-01-15,Lodgy,153
2025-01-15,Logan,457
2025-01-16,Dokker,276
2025-01-16,Duster,785
2025-01-16,Jogger,659
2025-01-16,Lodgy,192
2025-01-16,Logan,542
2025-01-17,Dokker,397
2025-01-17,Duster,954
2025-01-17,Jogger,751
2025-01-17,Lodgy,229
2025-01-17,Logan,675
2025-01-18,Dokker,419
2025-01-18,Duster,951
2025-01-18,Jogger,869
2025-01-18,Lodgy,206
2025-01-18,Logan,707
2025-01-19,Dokker,241
2025-01-19,Duster,620
2025-01-19,Jogger,500
2025-01-19,Lodgy,123
2025-01-19,Logan,362
2025-01-20,Dokker,260
2025-01-20,Duster,680
2025-01-20,Jogger,524
2025-01-20,Lodgy,168
2025-01-20,Logan,446
2025-01-21,Dokker,256
2025-01-21,Duster,710
2025-01-21,Jogger,568
2025-01-21,Lodgy,154
2025-01-21,Logan,426
2025-01-22,Dokker,282
2025-01-22,Duster,679
2025-01-22,Jogger,635
2025-01-22,Lodgy,145
2025-01-22,Logan,496
2025-01-23,Dokker,301
2025-01-23,Duster,810
2025-01-23,Jogger,618
2025-01-23,Lodgy,176
2025-01-23,Logan,481
2025-01-24,Dokker,357
2025-01-24,Duster,901
2025-01-24,Jogger,759
2025-01-24,Lodgy,225
2025-01-24,Logan,631
2025-01-25,Dokker,421
2025-01-25,Duster,999
2025-01-25,Jogger,906
2025-01-25,Lodgy,247
2025-01-25,Logan,669
2025-01-26,Dokker,244
2025-01-26,Duster,563
2025-01-26,Jogger,447
2025-01-26,Lodgy,127
2025-01-26,Logan,408
2025-01-27,Dokker,266
2025-01-27,Duster,759
2025-01-27,Jogger,623
2025-01-27,Lodgy,153
2025-01-27,Logan,420
2025-01-28,Dokker,239
2025-01-28,Duster,657
2025-01-28,Jogger,533
2025-01-28,Lodgy,158
2025-01-28,Logan,482
2025-01-29,Dokker,292
2025-01-29,Duster,754
2025-01-29,Jogger,548
2025-01-29,Lodgy,167
2025-01-29,Logan,503
2025-01-30,Dokker,331
2025-01-30,Duster,788
2025-01-30,Jogger,658
2025-01-30,Lodgy,191
2025-01-30,Logan,504
2025-01-31,Dokker,368
2025-01-31,Duster,951
2025-01-31,Jogger,788
2025-01-31,Lodgy,217
2025-01-31,Logan,609
2025-02-01,Dokker,362
2025-02-01,Duster,945
2025-02-01,Jogger,814
2025-02-01,Lodgy,206
2025-02-01,Logan,736
2025-02-02,Dokker,241
2025-02-02,Duster,616
2025-02-02,Jogger,481
2025-02-02,Lodgy,141
2025-02-02,Logan,396
2025-02-03,Dokker,284
2025-02-03,Duster,670
2025-02-03,Jogger,582
2025-02-03,Lodgy,165
2025-02-03,Logan,494
2025-02-04,Dokker,238
2025-02-04,Duster,673
2025-02-04,Jogger,553
2025-02-04,Lodgy,143
2025-02-04,Logan,475
2025-02-05,Dokker,292
2025-02-05,Duster,703
2025-02-05,Jogger,568
2025-02-05,Lodgy,143
2025-02-05,Logan,491
2025-02-06,Dokker,297
2025-02-06,Duster,716
2025-02-06,Jogger,708
2025-02-06,Lodgy,186
2025-02-06,Logan,511
2025-02-07,Dokker,370
2025-02-07,Duster,999
2025-02-07,Jogger,710
2025-02-07,Lodgy,204
2025-02-07,Logan,658
2025-02-08,Dokker,386
2025-02-08,Duster,999
2025-02-08,Jogger,773
2025-02-08,Lodgy,213
2025-02-08,Logan,658
2025-02-09,Dokker,235
2025-02-09,Duster,616
2025-02-09,Jogger,514
2025-02-09,Lodgy,128
2025-02-09,Logan,372
2025-02-10,Dokker,295
2025-02-10,Duster,769
2025-02-10,Jogger,621
2025-02-10,Lodgy,159
2025-02-10,Logan,502
2025-02-11,Dokker,239
2025-02-11,Duster,695
2025-02-11,Jogger,575
2025-02-11,Lodgy,134
2025-02-11,Logan,435
2025-02-12,Dokker,254
2025-02-12,Duster,670
2025-02-12,Jogger,621
2025-02-12,Lodgy,159
2025-02-12,Logan,491
2025-02-13,Dokker,273
2025-02-13,Duster,789
2025-02-13,Jogger,669
2025-02-13,Lodgy,178
2025-02-13,Logan,536
2025-02-14,Dokker,339
2025-02-14,Duster,872
2025-02-14,Jogger,814
2025-02-14,Lodgy,193
2025-02-14,Logan,578
2025-02-15,Dokker,389
2025-02-15,Duster,964
2025-02-15,Jogger,867
2025-02-15,Lodgy,223
2025-02-15,Logan,714
2025-02-16,Dokker,224
2025-02-16,Duster,613
2025-02-16,Jogger,536
2025-02-16,Lodgy,123
2025-02-16,Logan,377
2025-02-17,Dokker,290
2025-02-17,Duster,706
2025-02-17,Jogger,595
2025-02-17,Lodgy,145
2025-02-17,Logan,435
2025-02-18,Dokker,252
2025-02-18,Duster,660
2025-02-18,Jogger,595
2025-02-18,Lodgy,142
2025-02-18,Logan,411
2025-02-19,Dokker,259
2025-02-19,Duster,708
2025-02-19,Jogger,586
2025-02-19,Lodgy,151
2025-02-19,Logan,481
2025-02-20,Dokker,304
2025-02-20,Duster,714
2025-02-20,Jogger,653
2025-02-20,Lodgy,175
2025-02-20,Logan,565
2025-02-21,Dokker,340
2025-02-21,Duster,863
2025-02-21,Jogger,769
2025-02-21,Lodgy,212
2025-02-21,Logan,618
2025-02-22,Dokker,355
2025-02-22,Duster,999
2025-02-22,Jogger,891
2025-02-22,Lodgy,228
2025-02-22,Logan,628
2025-02-23,Dokker,215
2025-02-23,Duster,620
2025-02-23,Jogger,524
2025-02-23,Lodgy,132
2025-02-23,Logan,413
2025-02-24,Dokker,278
2025-02-24,Duster,724
2025-02-24,Jogger,594
2025-02-24,Lodgy,147
2025-02-24,Logan,452
2025-02-25,Dokker,267
2025-02-25,Duster,715
2025-02-25,Jogger,561
2025-02-25,Lodgy,149
2025-02-25,Logan,433
2025-02-26,Dokker,290
2025-02-26,Duster,684
2025-02-26,Jogger,610
2025-02-26,Lodgy,152
2025-02-26,Logan,494
2025-02-27,Dokker,284
2025-02-27,Duster,815
2025-02-27,Jogger,634
2025-02-27,Lodgy,165
2025-02-27,Logan,541
2025-02-28,Dokker,335
2025-02-28,Duster,914
2025-02-28,Jogger,824
2025-02-28,Lodgy,214
2025-02-28,Logan,616
2025-03-01,Dokker,395
2025-03-01,Duster,950
2025-03-01,Jogger,886
2025-03-01,Lodgy,228
2025-03-01,Logan,640
2025-03-02,Dokker,230
2025-03-02,Duster,604
2025-03-02,Jogger,486
2025-03-02,Lodgy,128
2025-03-02,Logan,405
2025-03-03,Dokker,249
2025-03-03,Duster,699
2025-03-03,Jogger,535
2025-03-03,Lodgy,148
2025-03-03,Logan,484
2025-03-04,Dokker,254
2025-03-04,Duster,736
2025-03-04,Jogger,570
2025-03-04,Lodgy,138
2025-03-04,Logan,430
2025-03-05,Dokker,254
2025-03-05,Duster,643
2025-03-05,Jogger,569
2025-03-05,Lodgy,139
2025-03-05,Logan,438
2025-03-06,Dokker,296
2025-03-06,Duster,747
2025-03-06,Jogger,619
2025-03-06,Lodgy,179
2025-03-06,Logan,557
2025-03-07,Dokker,375
2025-03-07,Duster,991
2025-03-07,Jogger,847
2025-03-07,Lodgy,214
2025-03-07,Logan,652
2025-03-08,Dokker,422
2025-03-08,Duster,978
2025-03-08,Jogger,919
2025-03-08,Lodgy,235
2025-03-08,Logan,618
2025-03-09,Dokker,248
2025-03-09,Duster,576
2025-03-09,Jogger,474
2025-03-09,Lodgy,134
2025-03-09,Logan,384
2025-03-10,Dokker,259
2025-03-10,Duster,775
2025-03-10,Jogger,548
2025-03-10,Lodgy,168
2025-03-10,Logan,489
2025-03-11,Dokker,260
2025-03-11,Duster,701
2025-03-11,Jogger,536
2025-03-11,Lodgy,150
2025-03-11,Logan,478
2025-03-12,Dokker,265
2025-03-12,Duster,666
2025-03-12,Jogger,537
2025-03-12,Lodgy,161
2025-03-12,Logan,504
2025-03-13,Dokker,332
2025-03-13,Duster,771
2025-03-13,Jogger,679
2025-03-13,Lodgy,162
2025-03-13,Logan,494
2025-03-14,Dokker,390
2025-03-14,Duster,999
2025-03-14,Jogger,774
2025-03-14,Lodgy,220
2025-03-14,Logan,591
2025-03-15,Dokker,375
2025-03-15,Duster,999
2025-03-15,Jogger,828
2025-03-15,Lodgy,230
2025-03-15,Logan,670
2025-03-16,Dokker,229
2025-03-16,Duster,652
2025-03-16,Jogger,473
2025-03-16,Lodgy,126
2025-03-16,Logan,422
2025-03-17,Dokker,288
2025-03-17,Duster,694
2025-03-17,Jogger,551
2025-03-17,Lodgy,149
2025-03-17,Logan,432
2025-03-18,Dokker,264
2025-03-18,Duster,662
2025-03-18,Jogger,554
2025-03-18,Lodgy,139
2025-03-18,Logan,403
2025-03-19,Dokker,286
2025-03-19,Duster,746
2025-03-19,Jogger,588
2025-03-19,Lodgy,138
2025-03-19,Logan,421
2025-03-20,Dokker,293
2025-03-20,Duster,752
2025-03-20,Jogger,614
2025-03-20,Lodgy,181
2025-03-20,Logan,486
2025-03-21,Dokker,385
2025-03-21,Duster,976
2025-03-21,Jogger,834
2025-03-21,Lodgy,209
2025-03-21,Logan,591
2025-03-22,Dokker,377
2025-03-22,Duster,999
2025-03-22,Jogger,784
2025-03-22,Lodgy,201
2025-03-22,Logan,633
2025-03-23,Dokker,234
2025-03-23,Duster,553
2025-03-23,Jogger,452
2025-03-23,Lodgy,131
2025-03-23,Logan,391
2025-03-24,Dokker,290
2025-03-24,Duster,781
2025-03-24,Jogger,638
2025-03-24,Lodgy,157
2025-03-24,Logan,503
